{"type": "FeatureCollection", "_README": ["The KMC wards that the OBOS Ballygunge compute square touches, so that every share of the square is measured, not carried. Ballygunge IS KMC Ward 68 (founder decision 2026-10-02): the square is 1,800 m, centred on Ward 68's bounding box (22.522704 N, 88.369173 E). Ward statistics are taken inside Ward 68's polygon; the other wards' buildings in the square are drawn as context. Geometries are copied unchanged from DataMeet's file.", "Re-measured by scripts/measure-ward-neighbours.py (2026-10-03) against the 1,800 m square. Until then these shares described the old 1,400 m box at 22.528 N, 88.3659 E, which held only 28.9 % Ward 68 and was centred in Ward 69.", "Ward 68 is also in data/geometry/heat-history-areas.geojson, where the satellite histories read it; its geometry here is identical. The neighbours live in this separate file because the satellite histories fingerprint heat-history-areas.geojson byte for byte, and adding features there would invalidate them.", "These are the older 141-ward scheme's numbers; KMC now has 144 wards (see kmc_ward_count), so numbering may have shifted."], "source": {"dataset": "DataMeet Municipal_Spatial_Data, Kolkata/kolkata.geojson", "repository": "https://github.com/datameet/Municipal_Spatial_Data/tree/master/Kolkata", "file_at_commit": "https://github.com/datameet/Municipal_Spatial_Data/blob/cd528915e5f69c54b6d3ca858feb5ae56e3e7b3b/Kolkata/kolkata.geojson", "commit": "cd528915e5f69c54b6d3ca858feb5ae56e3e7b3b", "commit_date": "2018-10-14T09:46:52Z", "file_sha256": "397a9317bfd23f0e38056eb03428bd22713e24c21b966871122df5d0b24cdcbc", "file_features": 141, "retrieved": "2026-09-23", "licence": "CC BY-SA 2.5 India", "licence_url": "http://creativecommons.org/licenses/by-sa/2.5/in/", "readme_source_line": "1. Ward of the Kolkata Municipal Corporation (Source: shared by [Justin](https://github.com/justinelliotmeyers) in this [datameet](https://groups.google.com/d/msg/datameet/k7Hp9jEDRTk/H66HNdNiBAAJ) thread)", "readme_licence_line": "The dataset is created by the Pune chapter of the DataMeet Trust, Bangalore, India, and is shared under [Creative Commons Attribution-ShareAlike 2.5 India](http://creativecommons.org/licenses/by-sa/2.5/in/) license."}, "kmc_ward_count": {"url": "https://www.kmcgov.in/KMCPortal/jsp/KMCAboutKolkataHome.jsp", "read": "2026-09-23", "page_sha256": "347a158a2307594864d77b471899fe9b07829106b6f1d0b785c8db5a3567a9ae", "text": "After amalgamation of Joka with the number of members of the Calcutta Municipal Corporation was to be 144 which elected Councillors from the 144 wards.", "earlier": "The number of members of the Calcutta Municipal Corporation was to be 141 which elected Councillors from the 141 wards."}, "features": [{"type": "Feature", "properties": {"area_id": "kmc-ward-65", "ward": 65, "source": "DataMeet Municipal_Spatial_Data/Kolkata (KMC 141-ward scheme), property WARD=65", "licence": "CC BY-SA 2.5 India", "area_km2_geodesic": 1.3328, "share_of_obos_box": 0.0567, "holds_box_centre": false}, "geometry": {"type": "MultiPolygon", "coordinates": [[[[88.36603290314719, 22.52871464430398], [88.36598414618682, 22.528827523518043], [88.36585614254702, 22.52915353165897], [88.36582294889897, 22.529237300062277], [88.36569492369962, 22.529561051954822], [88.3656687683518, 22.52964661819468], [88.3656103356375, 22.529881779458776], [88.36557736387334, 22.529988110121973], [88.36552118233713, 22.53020520125819], [88.36546180190022, 22.530448697263104], [88.36537516927255, 22.53080517747443], [88.36528469185546, 22.53115931770599], [88.36525393443843, 22.531278166613713], [88.36519567420068, 22.531481678587603], [88.36512501990694, 22.531692908548123], [88.36506875213252, 22.53186280616379], [88.36498093552525, 22.5321240399661], [88.36485076694565, 22.532503962646636], [88.36476913793409, 22.532753344912116], [88.36472088133534, 22.532912798977243], [88.36468790777452, 22.533043207927804], [88.36467639047427, 22.53313873299296], [88.36467081552962, 22.53320529026106], [88.36467126109402, 22.533250947292156], [88.3647183202385, 22.533603340471554], [88.36476835190824, 22.533941249792413], [88.36481104883367, 22.53416644449559], [88.3648308396177, 22.534279054570263], [88.3648740144469, 22.534517794860086], [88.3649234505336, 22.53479498259448], [88.36498936531588, 22.535164567034197], [88.36503138042006, 22.535320363385246], [88.36504805854162, 22.53543299989974], [88.36505565020408, 22.535571739363743], [88.36505309000552, 22.535697415565302], [88.36504456409517, 22.535766698061245], [88.365030801905, 22.53587307314688], [88.36502140193387, 22.536006094575885], [88.36499882457582, 22.53623011269101], [88.36497401490432, 22.536456242070418], [88.36496167205233, 22.53657558175964], [88.36495168009142, 22.536715754652203], [88.36494992029176, 22.536765973951532], [88.36494720468468, 22.536947986607107], [88.36495304642898, 22.537083906845478], [88.36496574770877, 22.537230227384736], [88.36498741956498, 22.537372288034277], [88.36499972289111, 22.53747781972723], [88.36509193405671, 22.53795526228218], [88.36512528670659, 22.538162482328058], [88.36514446753453, 22.538157714007873], [88.36516341210556, 22.53815619896477], [88.36557408053095, 22.53807341087662], [88.36578245284593, 22.538034520039123], [88.36598177732941, 22.537994983678672], [88.36610597480731, 22.537968729258978], [88.36623632394831, 22.537945132386685], [88.36644402252685, 22.5379069691665], [88.36663037264263, 22.537873141158546], [88.36682281333606, 22.53783573959033], [88.36700018479058, 22.537798464957344], [88.36707287376844, 22.5377845698345], [88.36721084152134, 22.537764520763616], [88.3673790519566, 22.537735001397138], [88.367487414831, 22.53772007991832], [88.36785165203432, 22.537661887463187], [88.36815349046138, 22.53759627738211], [88.36865468930446, 22.537475318981098], [88.36883958594613, 22.53743228855031], [88.36903093967805, 22.53738333231292], [88.36919741546652, 22.537344039700972], [88.36923485455263, 22.537454666665983], [88.36931598769414, 22.537587109923198], [88.3693719796858, 22.537684360958174], [88.36939722863346, 22.5377305715833], [88.36943764653307, 22.537816213242948], [88.36944789092058, 22.537839518909813], [88.36946010441518, 22.537875091801283], [88.36947520599341, 22.537927530975836], [88.36948954580028, 22.537981510896447], [88.36951568767338, 22.538088590355915], [88.36951830716072, 22.53810771591667], [88.36951933842668, 22.53813344925445], [88.36951767384846, 22.538161824371226], [88.36951293972693, 22.53818462551864], [88.3695044102233, 22.538216852118477], [88.36949171253674, 22.538240624841897], [88.36948005869257, 22.538261769054692], [88.36945683275088, 22.5382827406856], [88.36942899036698, 22.538298963910922], [88.36941245328092, 22.538308046692677], [88.3693979589638, 22.538317202487836], [88.36939257086873, 22.53832293823852], [88.36938703544995, 22.53833346304586], [88.3693792389716, 22.538351322443123], [88.36937341699024, 22.538372326418887], [88.3693680127255, 22.53839612732551], [88.36936413739336, 22.538417295575915], [88.36936291478627, 22.538431305134274], [88.36936292287109, 22.538451807956566], [88.36936567890238, 22.538504532330197], [88.36937559091321, 22.538582847228753], [88.36938613713468, 22.53866630458166], [88.369402760459, 22.538833528614983], [88.36941425350476, 22.538914358981664], [88.36942229612147, 22.538970741330832], [88.36943332743316, 22.53904416902817], [88.36944144461008, 22.539088357218343], [88.3694459236101, 22.53910873133947], [88.36949299083938, 22.539316430879502], [88.36951794873295, 22.539540035412333], [88.369536642674, 22.539670661292266], [88.3695450113792, 22.539750253261793], [88.36954988563792, 22.539790946545775], [88.36955392266681, 22.539805905966755], [88.36955818247787, 22.539813908385128], [88.36956339090992, 22.539819464029588], [88.36957354277092, 22.539823532028986], [88.36957959561931, 22.539826009501127], [88.36958970615783, 22.539825832775882], [88.3696261211645, 22.53982100726412], [88.36967955205928, 22.539816307036304], [88.36973901064964, 22.53981146576002], [88.36981042312146, 22.539806070246577], [88.36991373566734, 22.5398014870054], [88.37002810557604, 22.539794101050532], [88.3700829099949, 22.53979065366301], [88.37012622226632, 22.539785226620296], [88.37016069242041, 22.539780416871352], [88.37017087033259, 22.539777259047508], [88.370253883648, 22.539767904222018], [88.37037410967403, 22.539759993067577], [88.37039357706458, 22.539762084732047], [88.37041407572103, 22.539760374727905], [88.37045873546538, 22.539753582003748], [88.37051279787582, 22.53974381813632], [88.37056536548961, 22.53973045421505], [88.37065796832066, 22.539704736939136], [88.37119494077332, 22.53955293721049], [88.37159573132385, 22.539434902721148], [88.37207475615249, 22.539283594707452], [88.37230806300481, 22.539209709143215], [88.37340217688488, 22.538963844025506], [88.37435720101627, 22.538888778454513], [88.37512483568106, 22.538839727317857], [88.37534985737153, 22.538881360092464], [88.37542531405876, 22.538899053478527], [88.37563451012886, 22.538962597814375], [88.37578162362968, 22.539003421593566], [88.37598189673407, 22.53901886398574], [88.37612969385283, 22.539020459500374], [88.37646222861144, 22.53902333358389], [88.37675440296263, 22.538992239714126], [88.37700649987579, 22.538955769373835], [88.37704203722842, 22.53895520268791], [88.37711272925138, 22.538943158744985], [88.37714656519488, 22.5389400100287], [88.37719889924668, 22.538939561990006], [88.37724196987132, 22.538936334452004], [88.3772911975489, 22.53893305381304], [88.37732195406758, 22.53892993081724], [88.37737426027162, 22.538926623627667], [88.3777714440863, 22.538928941813253], [88.37782688541067, 22.53893132637489], [88.37788537741378, 22.53893082523527], [88.37791924030674, 22.5389305348398], [88.3780147878153, 22.538941154186748], [88.37810115633827, 22.538957570655104], [88.37818436099485, 22.538965436221968], [88.37829222171102, 22.538975950194214], [88.37869618780606, 22.539041114070386], [88.3785512697878, 22.538674510343302], [88.37852357203263, 22.538593926258088], [88.37851529675224, 22.538557260002523], [88.37851652924083, 22.53852198183167], [88.37852349387923, 22.53850245309223], [88.37853706023665, 22.538486402469236], [88.37858607142023, 22.53844582744848], [88.37878288511247, 22.538291804385175], [88.37885916914806, 22.538233147535912], [88.37887488337735, 22.53822600211174], [88.37892480904587, 22.538208365059408], [88.37929422413848, 22.538104970418537], [88.37933171173358, 22.53808715994207], [88.37935576143038, 22.53807071267111], [88.37938375922286, 22.53804548627236], [88.37940501965069, 22.53801906923976], [88.379427500889, 22.537980148517526], [88.37945246057913, 22.537919969852457], [88.37954044876462, 22.537569416368974], [88.37955298026282, 22.53749163605851], [88.37956455056366, 22.537436044648956], [88.37957115048607, 22.53740301553679], [88.37970841934967, 22.537012593043656], [88.37972754178712, 22.53696090524175], [88.37976773780284, 22.536894795339993], [88.37982757907548, 22.536750105663874], [88.37993291732234, 22.53638749342825], [88.38001752424906, 22.53609746651054], [88.38007174116971, 22.535962171739097], [88.38005693334055, 22.535950110110996], [88.38004899672504, 22.535909882827024], [88.38000014454325, 22.53562410888682], [88.37999778197404, 22.53561459862205], [88.37999168780317, 22.535588467378243], [88.37997486415453, 22.535544093869746], [88.37995116749566, 22.535498435937416], [88.3798908797603, 22.535404530463513], [88.3797522140164, 22.535204222855644], [88.37973473369932, 22.535176400556875], [88.37972048372396, 22.535145768806792], [88.37970914249347, 22.53511565147899], [88.37970008388217, 22.535081198004605], [88.37969869149347, 22.535058008863327], [88.37970303933946, 22.535027756271226], [88.3797171419911, 22.534985011332815], [88.37975961972761, 22.534887247285628], [88.37981380251232, 22.534773797194177], [88.37984914043895, 22.534693377607454], [88.37986199083907, 22.534650811786584], [88.37990330795226, 22.534499395643802], [88.37995375913526, 22.534307229684703], [88.37996062226401, 22.534254598297448], [88.37995938079229, 22.534203935838804], [88.37995596180431, 22.534156716741172], [88.37994888218158, 22.5341122680969], [88.37992685818574, 22.534048089274034], [88.37988756138364, 22.533952559859493], [88.37985990584932, 22.53391821396003], [88.3798101643354, 22.533871766415245], [88.37978035464101, 22.533835193495133], [88.37975108393579, 22.53379247722819], [88.37972596344719, 22.53374414531862], [88.3796442553839, 22.533577072770857], [88.37962219096389, 22.533533736612952], [88.37961489574546, 22.53352542848853], [88.37960579940489, 22.533517137788053], [88.37958887963653, 22.533507795814167], [88.37955511196499, 22.53349636705871], [88.37941458940341, 22.533446234522103], [88.3793182118515, 22.53339989219485], [88.37927465793327, 22.533371249754627], [88.37923539886043, 22.533351497088006], [88.37919327416179, 22.533345720473818], [88.37903226821511, 22.533351006714714], [88.37897520902489, 22.533354285826846], [88.37882065118532, 22.533393473368076], [88.37878344925446, 22.53339937195127], [88.37874618713649, 22.533399134647183], [88.37869554371402, 22.533382827042928], [88.37859950572529, 22.533333987192186], [88.37854879582751, 22.533310984447912], [88.37852409215719, 22.533304500067935], [88.37847415570887, 22.53329878983059], [88.3784074315445, 22.53329712870077], [88.37834997440062, 22.5333004252386], [88.37828400212614, 22.533313824631133], [88.37824567730121, 22.53332713938936], [88.37820786361762, 22.533337971579417], [88.37814055195508, 22.533357167495925], [88.37779054406586, 22.533446106743014], [88.3777001394123, 22.533470804611664], [88.37767252789541, 22.533476880754623], [88.37764990023173, 22.53347824317802], [88.3775445467135, 22.53347710063417], [88.37733007573608, 22.533474857033163], [88.37717348231405, 22.53347532085452], [88.37713927716297, 22.533475437017294], [88.37711205820987, 22.533480946451693], [88.37708549233199, 22.533494890961922], [88.37704608234215, 22.533531630748666], [88.37700740897084, 22.53358524813479], [88.37699465558875, 22.533617012816947], [88.37699180164111, 22.533672960889753], [88.37700548657612, 22.533803467030864], [88.37700341326446, 22.533823533271505], [88.37699628962427, 22.533849972679853], [88.3769840033661, 22.53387170833403], [88.37696807354118, 22.533885528345056], [88.37695411731494, 22.53389324816808], [88.37690160270175, 22.533912882935333], [88.37679260651505, 22.53394720394422], [88.3767640805132, 22.533959663188515], [88.37673502360701, 22.533977555511047], [88.37671296547522, 22.533993760158392], [88.37668554170622, 22.534029012105115], [88.37663399727354, 22.534122225689693], [88.37660613153342, 22.534171869269972], [88.37658966271933, 22.534191553781394], [88.37657577656167, 22.534206330438806], [88.37654634326137, 22.534228227834124], [88.37644465936111, 22.53429234600304], [88.37640078743927, 22.53431986728827], [88.37636635770939, 22.534349280349858], [88.3763448241937, 22.534373407203603], [88.37632615360882, 22.534397508331573], [88.37631831670627, 22.53441619713667], [88.37631219019603, 22.534491799484115], [88.37630818191326, 22.534551472679702], [88.37630153078688, 22.534575403682435], [88.37629024884524, 22.5345951113687], [88.37627486160274, 22.534617838429643], [88.37625938812198, 22.534631612731012], [88.37623973927177, 22.53464116123091], [88.37618476057973, 22.534653141660122], [88.37611417994786, 22.534666109463355], [88.37610314863618, 22.534664923783524], [88.37607728703746, 22.534649797860116], [88.37591769503902, 22.534513861120313], [88.37584784204253, 22.534461167582183], [88.37582383636318, 22.534448156613823], [88.37580264600395, 22.534441089817975], [88.37577414784991, 22.534437923574707], [88.37573102152972, 22.534441276506865], [88.37542882826817, 22.534474102214343], [88.37527424347911, 22.534489065530302], [88.37500457911229, 22.534506206050736], [88.37490317997795, 22.534513466999577], [88.37488248548875, 22.53451023354998], [88.3748709493239, 22.534504364054744], [88.37486032225407, 22.534497632471865], [88.37484872230881, 22.5344853682622], [88.37483795959339, 22.53446499677771], [88.37479884065772, 22.53438673928402], [88.37478633521062, 22.53437576197371], [88.374771070139, 22.534364380584616], [88.3747526088616, 22.534354733327834], [88.37472820073704, 22.534347268257356], [88.3746946801022, 22.534347128033176], [88.37455658658517, 22.534358113643066], [88.37453575914529, 22.534358434748103], [88.37452291233839, 22.53435436741741], [88.37451611568495, 22.53434944380645], [88.37450825632456, 22.534342279927277], [88.37450142104355, 22.53433350139519], [88.37449718908026, 22.534325502807796], [88.37449468278062, 22.534317168179683], [88.37449350419095, 22.534302877755447], [88.3744844213251, 22.534027605711415], [88.37447751238226, 22.533811231664], [88.374474123937, 22.533563955513284], [88.37447508513438, 22.53351720997489], [88.37448189256757, 22.533437346408103], [88.37448691864161, 22.533412721550118], [88.37449578770841, 22.533397214641354], [88.37450516522165, 22.533385229124804], [88.37460757136743, 22.53332086327368], [88.37482401504525, 22.53318481570053], [88.37488257711694, 22.533148140540952], [88.374887865499, 22.533141311812855], [88.37489359315725, 22.533129507156573], [88.37489485708684, 22.533109599294693], [88.37489342068072, 22.532996570908647], [88.37487650360728, 22.532541167351265], [88.3748780864388, 22.53222205738122], [88.37488675068974, 22.53203675105563], [88.37489326257723, 22.53184191736198], [88.37488395243761, 22.531528889472632], [88.37485414453985, 22.531120709524817], [88.37483892168905, 22.530930767571185], [88.37480344991343, 22.530664106599843], [88.37478387742003, 22.53047970593272], [88.37478117169438, 22.53038931685689], [88.37478861693145, 22.53024506013383], [88.37479067407347, 22.530094257327598], [88.3747876772937, 22.529881961175278], [88.37477723707345, 22.529634037416695], [88.37476500651084, 22.529477017395514], [88.37473684612333, 22.52932152810133], [88.37468188090602, 22.52914731841539], [88.37465025391981, 22.52914402924624], [88.37456146443715, 22.52915759997258], [88.37440958627208, 22.529187159341582], [88.3738820596046, 22.529292934600825], [88.37378426630784, 22.529308929868808], [88.37368881671566, 22.529314292602045], [88.37362550974264, 22.529315224421527], [88.37349474468165, 22.52931106152], [88.37339138722001, 22.529300507813215], [88.37306718343734, 22.52927081238794], [88.37290193474759, 22.52925518718829], [88.37267883994339, 22.529233240878387], [88.37251036809836, 22.5292237965543], [88.37230872506316, 22.529213130823276], [88.37210616484809, 22.529202492473484], [88.37204838610732, 22.52920116900663], [88.37190463589891, 22.529197450852955], [88.37181258104019, 22.529173521407575], [88.37177355463099, 22.529175777524905], [88.37148663722081, 22.529183398040004], [88.37129162285409, 22.52918635364474], [88.37103040175263, 22.529187316995937], [88.37091348422176, 22.529178141510947], [88.37070640727742, 22.52915843305168], [88.37055048310029, 22.52914280949884], [88.37030688155478, 22.52911205277619], [88.37005686154659, 22.529080403224384], [88.36996040853624, 22.529069355792423], [88.36974493863218, 22.52905263030734], [88.36953596534427, 22.52903719177916], [88.36947638458304, 22.52903135524172], [88.36928594982766, 22.529019405026016], [88.36916243417105, 22.529010991250377], [88.36888709334994, 22.52899440432831], [88.3687783397084, 22.52898709081435], [88.3685007962182, 22.528961382324464], [88.3682888441168, 22.52895313864639], [88.36812299804737, 22.528945368761523], [88.36790915499229, 22.528934015966545], [88.36780481836698, 22.528928734535157], [88.36767788821396, 22.52892241092316], [88.36757052516447, 22.52891745890664], [88.36736109643073, 22.528912717649387], [88.3672833068187, 22.528916691377233], [88.36716746546952, 22.528931138353997], [88.36700203082849, 22.528949115133855], [88.36697624648491, 22.52894778917529], [88.36678112701529, 22.52891712368301], [88.36673427178839, 22.528910538695598], [88.36660450834896, 22.528884483351057], [88.36647732666768, 22.528866166360444], [88.36641707396662, 22.528856590908898], [88.36638105781192, 22.528847585503126], [88.36631770412653, 22.52882418787462], [88.36615722189767, 22.528764126364834], [88.36607045003109, 22.52873197472694], [88.36603290314719, 22.52871464430398]]]]}}, {"type": "Feature", "geometry": {"type": "MultiPolygon", "coordinates": [[[[88.38720826501059, 22.54055009404484], [88.38724025311953, 22.540391258623373], [88.38731665483446, 22.54016684153957], [88.38738923601449, 22.53996638900651], [88.38744478154345, 22.53986484092556], [88.38749507641957, 22.53980802252142], [88.3876481161063, 22.539689406632736], [88.38773340575264, 22.539613169923772], [88.38776819750359, 22.539566115296722], [88.3878189379441, 22.5394755869714], [88.38792970650684, 22.539297195136232], [88.38804232649738, 22.539097407589814], [88.38809837598122, 22.53907467877711], [88.38823433420285, 22.539021887415423], [88.38832334556939, 22.538982984399592], [88.38836549721748, 22.53896692221667], [88.38841368374763, 22.538948545995172], [88.38845689810269, 22.53892462736621], [88.38851572966897, 22.53888819932282], [88.38864900102956, 22.53880182155263], [88.38879738384988, 22.538702072240234], [88.38900011115162, 22.538558998231508], [88.38921124758274, 22.538409063248437], [88.38955413452668, 22.538177577167563], [88.3899020493413, 22.53792890580093], [88.39009242121463, 22.537804235577315], [88.39042021286852, 22.537594978886997], [88.39074281944663, 22.537387309115918], [88.39094432054802, 22.53724308791315], [88.39110389817341, 22.537130624625657], [88.39138151173218, 22.53694352938747], [88.39182606371175, 22.53663015794429], [88.39235679556813, 22.53625667858531], [88.39267904551508, 22.536046126018167], [88.39290438970073, 22.53593646703678], [88.393145380742, 22.53582413792938], [88.39329553324342, 22.53576771612812], [88.39349163636825, 22.535736337760742], [88.39435771830335, 22.535546511678724], [88.39531692588898, 22.535324899480973], [88.39624222117438, 22.535117588885107], [88.39676378123168, 22.534994938992586], [88.3966604866521, 22.534527243800543], [88.39643589615298, 22.53358141642567], [88.39631481403248, 22.533109232551244], [88.39617494005452, 22.53257856454539], [88.39597387553438, 22.53175230830771], [88.39531895787819, 22.53190178420313], [88.39493688192995, 22.53200726863285], [88.39478379912407, 22.531630839472694], [88.39471047324069, 22.531356282322793], [88.39468875107882, 22.531301431896694], [88.39461567402877, 22.531104924393027], [88.39453779278858, 22.530787108833852], [88.39436570791946, 22.53072952581297], [88.39415691698956, 22.53037575620861], [88.39404561482755, 22.530035113249127], [88.39413916807617, 22.529985502201775], [88.39375300928499, 22.528764578585385], [88.39369014787637, 22.528564781608534], [88.39350330278884, 22.52859332215488], [88.3933712639168, 22.52861019207443], [88.39323546649362, 22.52864335771122], [88.39302275980741, 22.528716200938803], [88.39289820659661, 22.528781258468413], [88.3928277104064, 22.528822532499287], [88.39277155042976, 22.528752796788336], [88.39274345472093, 22.528716368550906], [88.39273994590144, 22.528701574710837], [88.39274458839483, 22.52866174194221], [88.39276741009462, 22.528591322424965], [88.39278479878357, 22.528567258452885], [88.39280212908204, 22.52854576093587], [88.3928026267487, 22.528535082706004], [88.392800721422, 22.52852611046982], [88.39277806770716, 22.528499341455742], [88.39268804393926, 22.528391137697405], [88.39252471045768, 22.52816469888542], [88.39244796828127, 22.52805356993742], [88.39238742722102, 22.52796641868512], [88.3923558460489, 22.527854391768738], [88.39234965575827, 22.52782178105736], [88.39236226990147, 22.52779336232753], [88.39236054154286, 22.52773784833119], [88.39234583791831, 22.527674823244123], [88.39234430539243, 22.52763890586021], [88.39235804781964, 22.527606122505905], [88.39238578510066, 22.52756559573401], [88.39241947192382, 22.52753372842818], [88.39244124888295, 22.527483454325843], [88.39247100288178, 22.5274102461789], [88.39246707275242, 22.5273693135916], [88.39219988863408, 22.52738686822145], [88.39212987843243, 22.527070626483553], [88.39209755435357, 22.526770391200465], [88.39200458321324, 22.526042794139133], [88.39192349768243, 22.526035340236295], [88.39183993190309, 22.526004486567412], [88.39174435834342, 22.52594542786465], [88.39153998622639, 22.5257947597674], [88.3915125220332, 22.5258625046703], [88.39151656265534, 22.52591473266357], [88.39151029061804, 22.52599100431764], [88.39150009743452, 22.52602702336307], [88.39148276084784, 22.526052217106468], [88.39138244777668, 22.52610534699713], [88.3913117018548, 22.52614011636678], [88.39122403526623, 22.52616809399483], [88.39100759787662, 22.526217874028337], [88.39067672230632, 22.526315460001747], [88.39060900909685, 22.526345443165194], [88.39056704968826, 22.526370848443644], [88.39052410213282, 22.526414772671224], [88.39049971826275, 22.5264389374212], [88.39046834460143, 22.52646751823603], [88.39045672040167, 22.526476912132228], [88.3904409585617, 22.526481515730264], [88.39022046617688, 22.52649490831633], [88.389761778308, 22.526511632451598], [88.38973531393971, 22.52650477601275], [88.38970530931091, 22.526456875525934], [88.38969696665689, 22.526448766951905], [88.38945461466794, 22.526497898829206], [88.38939675867208, 22.526516615256064], [88.38933824151614, 22.526548559965683], [88.38926220451722, 22.526604879322054], [88.38924211100095, 22.52662858019444], [88.38921940787878, 22.52664291870994], [88.38889626859975, 22.52674975719905], [88.38869498039905, 22.526804424393035], [88.38861031957344, 22.526824348929413], [88.38858095724005, 22.526825611845556], [88.38856353172018, 22.5268237423646], [88.38855370055771, 22.52681978600174], [88.38854276087417, 22.526813819925845], [88.38851989695357, 22.526811996912077], [88.38849600356363, 22.526816243696075], [88.38844076615682, 22.526840964324407], [88.38843831914599, 22.526841536038678], [88.3882112439068, 22.526952719897007], [88.38814279677372, 22.526983713585764], [88.38810876140423, 22.52699988420325], [88.38806285479825, 22.527029331184867], [88.38801895952021, 22.527057856282788], [88.38799088267601, 22.527078452068643], [88.38797972919343, 22.527094305701933], [88.38795497252252, 22.527164113610603], [88.38793355758446, 22.52721835911656], [88.38789766539729, 22.527317413907845], [88.38785373598327, 22.52744976067662], [88.38783368558612, 22.527495235401368], [88.38779613151567, 22.527557932811366], [88.38771658300233, 22.527663666170223], [88.38766883844329, 22.52771668674142], [88.38762987671278, 22.52774697246624], [88.38760202265074, 22.527766092821086], [88.38757133170908, 22.527781982885262], [88.3875370960153, 22.52779399792997], [88.38745664739, 22.52781226942555], [88.38727679658528, 22.527846372061926], [88.38706276308739, 22.527886249043394], [88.3868997107785, 22.52791760264181], [88.38683813845226, 22.52793050303656], [88.38665340620233, 22.52796725177141], [88.38631473595031, 22.52802436712558], [88.38610263383025, 22.52805874685167], [88.38588633208624, 22.5280938136158], [88.38566743600772, 22.52813813143449], [88.38555896982706, 22.528159248152342], [88.38543089252543, 22.528182486578416], [88.38520191914601, 22.5282124527413], [88.38501666317825, 22.52824335155416], [88.3848752970986, 22.528269959643367], [88.3846864074455, 22.528311949914343], [88.38447327855107, 22.528363555487655], [88.38434941434811, 22.528387407905228], [88.38421002276547, 22.52840097787615], [88.38405940134349, 22.52841334053837], [88.38396331664238, 22.52842154856879], [88.38381030390508, 22.528429867787164], [88.38366025201496, 22.528432558713163], [88.38361805006123, 22.52843572177507], [88.38342217151524, 22.52845631403639], [88.38311549116882, 22.528479470265836], [88.38296256107651, 22.52849619167154], [88.38289108212936, 22.52851291224545], [88.3827013965689, 22.52854955627509], [88.38251270634181, 22.52857796987078], [88.38237937659072, 22.528593820842698], [88.38230784913452, 22.528605639992627], [88.38226347595273, 22.528617926298306], [88.3822311824166, 22.528631508693035], [88.3821929034057, 22.528650045602006], [88.3821329300807, 22.528686274713852], [88.38200554178691, 22.528768603762774], [88.38192682691012, 22.52881619892531], [88.38187880117842, 22.52884042133854], [88.38178700862771, 22.528854192067346], [88.3815537844204, 22.528895541584742], [88.38131020982436, 22.528932726517326], [88.38106419720066, 22.528955043778286], [88.38081269317563, 22.528968907428904], [88.3806511913589, 22.52896710186852], [88.380361322983, 22.52895576401105], [88.38010921349347, 22.52894091045382], [88.37984157033605, 22.52892725424076], [88.37965933989412, 22.52891392910119], [88.37954125904498, 22.52890217967758], [88.37945990851118, 22.528898623319385], [88.37925235725636, 22.528872752179748], [88.3791055940985, 22.528855930418462], [88.3789572418209, 22.528851356770957], [88.3786535950852, 22.52883648743703], [88.37825719280482, 22.52878974776639], [88.37807387629975, 22.528770798484278], [88.37788143021643, 22.528750417029514], [88.37764481397059, 22.52873041311369], [88.37751620935789, 22.528713283493104], [88.37738528978667, 22.5286960534691], [88.37721087019618, 22.52867855625928], [88.37710194946797, 22.528666574482006], [88.37706352672666, 22.528669181597333], [88.37694422866029, 22.528683116636266], [88.37676617089288, 22.52871122568155], [88.37655961946297, 22.528736587377217], [88.3764329740759, 22.52875210310688], [88.37633895100836, 22.528757465031997], [88.37630456619422, 22.528754720177748], [88.37626195460871, 22.5287474887976], [88.37620290924343, 22.528732801170523], [88.37606928304828, 22.52870431873635], [88.37599561311013, 22.528699631406354], [88.37587866952815, 22.528703669861873], [88.37575382077165, 22.528717701979524], [88.37562071559935, 22.52874162818482], [88.37548104284406, 22.52876333145244], [88.37541733701903, 22.528773750778807], [88.37539865834934, 22.528787584576165], [88.37537768448408, 22.528817387974417], [88.37534452227706, 22.528855652448236], [88.37530327074089, 22.52890310154273], [88.37526248183708, 22.528941234890524], [88.37522261909635, 22.528963604425048], [88.37513703839586, 22.528995480528348], [88.37506115411055, 22.529015119310987], [88.37495833473977, 22.529041064272647], [88.37483600485933, 22.5290793311738], [88.37468188090602, 22.52914731841539], [88.37473684612333, 22.52932152810133], [88.37476500651084, 22.529477017395514], [88.37477723707345, 22.529634037416695], [88.3747876772937, 22.529881961175278], [88.37479067407347, 22.530094257327598], [88.37478861693145, 22.53024506013383], [88.37478117169438, 22.53038931685689], [88.37478387742003, 22.53047970593272], [88.37480344991343, 22.530664106599843], [88.37483892168905, 22.530930767571185], [88.37485414453985, 22.531120709524817], [88.37488395243761, 22.531528889472632], [88.37489326257723, 22.53184191736198], [88.37488675068974, 22.53203675105563], [88.3748780864388, 22.53222205738122], [88.37487650360728, 22.532541167351265], [88.37489342068072, 22.532996570908647], [88.37489485708684, 22.533109599294693], [88.37489359315725, 22.533129507156573], [88.374887865499, 22.533141311812855], [88.37488257711694, 22.533148140540952], [88.37482401504525, 22.53318481570053], [88.37460757136743, 22.53332086327368], [88.37450516522165, 22.533385229124804], [88.37449578770841, 22.533397214641354], [88.37448691864161, 22.533412721550118], [88.37448189256757, 22.533437346408103], [88.37447508513438, 22.53351720997489], [88.374474123937, 22.533563955513284], [88.37447751238226, 22.533811231664], [88.3744844213251, 22.534027605711415], [88.37449350419095, 22.534302877755447], [88.37449468278062, 22.534317168179683], [88.37449718908026, 22.534325502807796], [88.37450142104355, 22.53433350139519], [88.37450825632456, 22.534342279927277], [88.37451611568495, 22.53434944380645], [88.37452291233839, 22.53435436741741], [88.37453575914529, 22.534358434748103], [88.37455658658517, 22.534358113643066], [88.3746946801022, 22.534347128033176], [88.37472820073704, 22.534347268257356], [88.3747526088616, 22.534354733327834], [88.374771070139, 22.534364380584616], [88.37478633521062, 22.53437576197371], [88.37479884065772, 22.53438673928402], [88.37483795959339, 22.53446499677771], [88.37484872230881, 22.5344853682622], [88.37486032225407, 22.534497632471865], [88.3748709493239, 22.534504364054744], [88.37488248548875, 22.53451023354998], [88.37490317997795, 22.534513466999577], [88.37500457911229, 22.534506206050736], [88.37527424347911, 22.534489065530302], [88.37542882826817, 22.534474102214343], [88.37573102152972, 22.534441276506865], [88.37577414784991, 22.534437923574707], [88.37580264600395, 22.534441089817975], [88.37582383636318, 22.534448156613823], [88.37584784204253, 22.534461167582183], [88.37591769503902, 22.534513861120313], [88.37607728703746, 22.534649797860116], [88.37610314863618, 22.534664923783524], [88.37611417994786, 22.534666109463355], [88.37618476057973, 22.534653141660122], [88.37623973927177, 22.53464116123091], [88.37625938812198, 22.534631612731012], [88.37627486160274, 22.534617838429643], [88.37629024884524, 22.5345951113687], [88.37630153078688, 22.534575403682435], [88.37630818191326, 22.534551472679702], [88.37631219019603, 22.534491799484115], [88.37631831670627, 22.53441619713667], [88.37632615360882, 22.534397508331573], [88.3763448241937, 22.534373407203603], [88.37636635770939, 22.534349280349858], [88.37640078743927, 22.53431986728827], [88.37644465936111, 22.53429234600304], [88.37654634326137, 22.534228227834124], [88.37657577656167, 22.534206330438806], [88.37658966271933, 22.534191553781394], [88.37660613153342, 22.534171869269972], [88.37663399727354, 22.534122225689693], [88.37668554170622, 22.534029012105115], [88.37671296547522, 22.533993760158392], [88.37673502360701, 22.533977555511047], [88.3767640805132, 22.533959663188515], [88.37679260651505, 22.53394720394422], [88.37690160270175, 22.533912882935333], [88.37695411731494, 22.53389324816808], [88.37696807354118, 22.533885528345056], [88.3769840033661, 22.53387170833403], [88.37699628962427, 22.533849972679853], [88.37700341326446, 22.533823533271505], [88.37700548657612, 22.533803467030864], [88.37699180164111, 22.533672960889753], [88.37699465558875, 22.533617012816947], [88.37700740897084, 22.53358524813479], [88.37704608234215, 22.533531630748666], [88.37708549233199, 22.533494890961922], [88.37711205820987, 22.533480946451693], [88.37713927716297, 22.533475437017294], [88.37717348231405, 22.53347532085452], [88.37733007573608, 22.533474857033163], [88.3775445467135, 22.53347710063417], [88.37764990023173, 22.53347824317802], [88.37767252789541, 22.533476880754623], [88.3777001394123, 22.533470804611664], [88.37779054406586, 22.533446106743014], [88.37814055195508, 22.533357167495925], [88.37820786361762, 22.533337971579417], [88.37824567730121, 22.53332713938936], [88.37828400212614, 22.533313824631133], [88.37834997440062, 22.5333004252386], [88.3784074315445, 22.53329712870077], [88.37847415570887, 22.53329878983059], [88.37852409215719, 22.533304500067935], [88.37854879582751, 22.533310984447912], [88.37859950572529, 22.533333987192186], [88.37869554371402, 22.533382827042928], [88.37874618713649, 22.533399134647183], [88.37878344925446, 22.53339937195127], [88.37882065118532, 22.533393473368076], [88.37897520902489, 22.533354285826846], [88.37903226821511, 22.533351006714714], [88.37919327416179, 22.533345720473818], [88.37923539886043, 22.533351497088006], [88.37927465793327, 22.533371249754627], [88.3793182118515, 22.53339989219485], [88.37941458940341, 22.533446234522103], [88.37955511196499, 22.53349636705871], [88.37958887963653, 22.533507795814167], [88.37960579940489, 22.533517137788053], [88.37961489574546, 22.53352542848853], [88.37962219096389, 22.533533736612952], [88.3796442553839, 22.533577072770857], [88.37972596344719, 22.53374414531862], [88.37975108393579, 22.53379247722819], [88.37978035464101, 22.533835193495133], [88.3798101643354, 22.533871766415245], [88.37985990584932, 22.53391821396003], [88.37988756138364, 22.533952559859493], [88.37992685818574, 22.534048089274034], [88.37994888218158, 22.5341122680969], [88.37995596180431, 22.534156716741172], [88.37995938079229, 22.534203935838804], [88.37996062226401, 22.534254598297448], [88.37995375913526, 22.534307229684703], [88.37990330795226, 22.534499395643802], [88.37986199083907, 22.534650811786584], [88.37984914043895, 22.534693377607454], [88.37981380251232, 22.534773797194177], [88.37975961972761, 22.534887247285628], [88.3797171419911, 22.534985011332815], [88.37970303933946, 22.535027756271226], [88.37969869149347, 22.535058008863327], [88.37970008388217, 22.535081198004605], [88.37970914249347, 22.53511565147899], [88.37972048372396, 22.535145768806792], [88.37973473369932, 22.535176400556875], [88.3797522140164, 22.535204222855644], [88.3798908797603, 22.535404530463513], [88.37995116749566, 22.535498435937416], [88.37997486415453, 22.535544093869746], [88.37999168780317, 22.535588467378243], [88.37999778197404, 22.53561459862205], [88.38000014454325, 22.53562410888682], [88.38004899672504, 22.535909882827024], [88.38005693334055, 22.535950110110996], [88.38007174116971, 22.535962171739097], [88.38023241473977, 22.535901739959783], [88.38061681283297, 22.53577971056482], [88.38080798510524, 22.535739115665063], [88.38086685350243, 22.53573124161717], [88.38093817973599, 22.53572220595999], [88.38100163493104, 22.53571955583234], [88.38103679499123, 22.53572135964497], [88.38107695237937, 22.535724908359988], [88.38110620781325, 22.53573143494206], [88.38122995703183, 22.53577374902457], [88.3812848315193, 22.53578818781652], [88.38133743596399, 22.535794513603317], [88.38140454011574, 22.53579122708165], [88.38144102519098, 22.535790914277126], [88.3814709893956, 22.53579540057418], [88.38149442015316, 22.53580333269881], [88.38151865490289, 22.53581871321992], [88.38154892273809, 22.53585369587151], [88.38163185969667, 22.535997104571212], [88.38164659027072, 22.5360105319125], [88.38166418736883, 22.536018514637643], [88.38172639749888, 22.53603560103647], [88.3818155705622, 22.536048390320385], [88.38187265221029, 22.53606348788018], [88.38191663013333, 22.536082087679905], [88.38196893004917, 22.536117899153318], [88.38209770983337, 22.536230827907545], [88.38229423247145, 22.536331172252932], [88.38242395638501, 22.53637657186801], [88.3824951397864, 22.53638496279255], [88.38260815323903, 22.53637498876857], [88.38281007834523, 22.53636875178808], [88.38301454298876, 22.53635367334516], [88.38313886712912, 22.536343601412348], [88.38325360085554, 22.5363441158368], [88.38336212542669, 22.53637019217631], [88.38392111828188, 22.536521432027342], [88.38432810720789, 22.536659621956098], [88.38443205126941, 22.536686645770356], [88.38452550480505, 22.536701243772068], [88.38472786469585, 22.536720682327402], [88.38495725579185, 22.536747588310238], [88.38502471837138, 22.53676093343683], [88.38510281161399, 22.53678077356544], [88.38519145287464, 22.536809157257387], [88.38527660597703, 22.5368375724726], [88.38545405019514, 22.536910533346038], [88.38552301655442, 22.5369477244177], [88.3855780518403, 22.536987193871287], [88.38566363703237, 22.53705878646964], [88.38581741243934, 22.537206439552495], [88.38586851040934, 22.537268063885687], [88.38589129797313, 22.53729573973383], [88.38590662772347, 22.537327835446806], [88.38592025426802, 22.537377365033922], [88.38596687503464, 22.537621523775965], [88.38602232983376, 22.5379145734354], [88.38603871869778, 22.53795885242517], [88.38606454705887, 22.538009148435062], [88.38611105463772, 22.53806362033976], [88.38618498688395, 22.538140502586042], [88.38630950955199, 22.53828472036226], [88.38636663431922, 22.538390284545976], [88.38639491238604, 22.538466746780028], [88.38640340146549, 22.538494014173565], [88.38640492949978, 22.538509895536063], [88.38636290002258, 22.538620888295714], [88.38631681285523, 22.538737002719746], [88.38625955513736, 22.538968495329957], [88.38622962057711, 22.539200332707114], [88.3862277898106, 22.539232290247206], [88.3862479273443, 22.5394187775337], [88.38625726353507, 22.53959530571153], [88.38629811532091, 22.53991836624534], [88.38630265450803, 22.540050087793897], [88.38633709771268, 22.540336391873563], [88.3863464797175, 22.540377938738462], [88.38635353598406, 22.540393888748728], [88.38636608994014, 22.54040786989699], [88.38637997250454, 22.540416716907345], [88.38640075233371, 22.540425503349596], [88.38652231235797, 22.54044238841752], [88.38679311309362, 22.5404855241107], [88.38720826501059, 22.54055009404484]]]]}, "properties": {"area_id": "kmc-ward-66", "ward": 66, "source": "DataMeet Municipal_Spatial_Data/Kolkata (KMC 141-ward scheme), property WARD=66", "licence": "CC BY-SA 2.5 India", "area_km2_geodesic": 1.9088, "share_of_obos_box": 0.0229, "holds_box_centre": false}}, {"type": "Feature", "properties": {"area_id": "kmc-ward-67", "ward": 67, "source": "DataMeet Municipal_Spatial_Data/Kolkata (KMC 141-ward scheme), property WARD=67", "licence": "CC BY-SA 2.5 India", "area_km2_geodesic": 1.8359, "share_of_obos_box": 0.1813, "holds_box_centre": false}, "geometry": {"type": "MultiPolygon", "coordinates": [[[[88.3853428540343, 22.517515965915265], [88.38520032822963, 22.51754246238372], [88.38516642131925, 22.517542070704035], [88.38500224791284, 22.517560588355106], [88.38494042495671, 22.517569330610762], [88.38485307098182, 22.51758251577346], [88.38472640403519, 22.517602200989167], [88.38466309257059, 22.517614258410582], [88.38452401000842, 22.51764539360546], [88.38444940492407, 22.517663681380046], [88.38436534327475, 22.517684949068002], [88.38433552190224, 22.51769255279055], [88.3843170651164, 22.517693527009676], [88.38430210906526, 22.51769283991136], [88.38416742016312, 22.51765804518081], [88.38404125447641, 22.517625395550276], [88.38392048496964, 22.51757973667419], [88.38382005781241, 22.51755923075371], [88.38371344216128, 22.51753722034868], [88.38362306086391, 22.51751974496089], [88.38356450867366, 22.517504680227166], [88.38341153815719, 22.517473248751227], [88.38336174094776, 22.517468195914876], [88.38327390367927, 22.517458723402147], [88.38320820359432, 22.517450799352236], [88.3831329526213, 22.517442799787304], [88.38308507151834, 22.517444447000656], [88.38297739226186, 22.51745340004058], [88.3829275600181, 22.517459386436567], [88.38290006438388, 22.517468522867997], [88.38287345808179, 22.517493684978717], [88.38284344985975, 22.517525311460073], [88.38278343161896, 22.51758856274141], [88.38274138327716, 22.517629139740098], [88.38268665162185, 22.5177011929689], [88.3826473054124, 22.517752202539466], [88.38261301402304, 22.51778869175579], [88.38257681371374, 22.517819436062318], [88.38254517954103, 22.517838591813963], [88.38249091321299, 22.51786202781533], [88.38246601370994, 22.517871273757404], [88.38240886289158, 22.517891893317998], [88.38234222406719, 22.517915237199468], [88.38223999938111, 22.51794977378895], [88.38219863555554, 22.517963859277963], [88.38211971406623, 22.517991109973398], [88.38209553860531, 22.518000760862435], [88.38207463570696, 22.518008643389468], [88.38201265734224, 22.518031201405137], [88.38195933155035, 22.518050601096512], [88.38192934398955, 22.518062348123664], [88.38190736580782, 22.5180721633134], [88.38188872486735, 22.518081328748245], [88.38187014591065, 22.518091408651337], [88.38184178160553, 22.518111190884216], [88.38180378556397, 22.518145009625087], [88.3817508837769, 22.518191516396495], [88.38171067338816, 22.518229540674366], [88.38168761183817, 22.518253462887177], [88.38167352715281, 22.518273120623086], [88.38164033799636, 22.51832228777078], [88.3816296633158, 22.518337232920555], [88.3816240892695, 22.51834376198383], [88.38160142207992, 22.518360365951278], [88.38154577863457, 22.518393663501268], [88.38149555831862, 22.518438293126135], [88.38143891774332, 22.518488635246065], [88.38141025340094, 22.518510099475343], [88.3813886983257, 22.518522175073727], [88.38136910517103, 22.5185333187788], [88.38119282876283, 22.518612000995432], [88.38110097333009, 22.518653298809923], [88.38104027596297, 22.51867917518255], [88.38083864460587, 22.518762674435745], [88.38069014410625, 22.518824932683543], [88.38047034342422, 22.518917684359305], [88.38045396444164, 22.518922094030973], [88.38043773188446, 22.518922774484643], [88.38042892569972, 22.518921365447675], [88.38042170324485, 22.518918460242453], [88.38041041860825, 22.51890891065572], [88.38034114412679, 22.518854597161212], [88.38030730459005, 22.518827434597192], [88.38029280937462, 22.51881642783646], [88.38025249388298, 22.518800372436285], [88.38021122797377, 22.518777929891492], [88.38017839455014, 22.518756717969815], [88.38014302608077, 22.518727711520555], [88.3801210802384, 22.518706574275225], [88.38009260274558, 22.51867396057481], [88.38004940905178, 22.518617575748845], [88.38000990563714, 22.518548572600228], [88.37996483715932, 22.518465318845628], [88.37992462227899, 22.51838501091883], [88.37989831331927, 22.518327733913004], [88.37984025430414, 22.518167725285473], [88.37978558193765, 22.518008383653605], [88.3797630755465, 22.51792731699892], [88.37975492692857, 22.51793004298224], [88.37974964663132, 22.51793350419264], [88.3797228391066, 22.517950811902963], [88.37971592297727, 22.517954286390093], [88.37970898618664, 22.517955484660774], [88.37969998506749, 22.517954802542697], [88.37968892231477, 22.51795224086569], [88.37967584374253, 22.51794835810345], [88.37962494160527, 22.51793986813931], [88.37959746303905, 22.517938829195376], [88.37955892441504, 22.51794392599536], [88.37941714331376, 22.517970088791227], [88.37920925878399, 22.51800634725809], [88.37903686130115, 22.518042274614555], [88.37893086997913, 22.518064566250384], [88.37880039866725, 22.51808347965874], [88.37868280560328, 22.518094965287716], [88.37866421137522, 22.518089884260014], [88.3786544484847, 22.51808098768953], [88.37863734186676, 22.518063170481927], [88.37862029363929, 22.51805134130199], [88.37860331278549, 22.51804624699546], [88.37858146665607, 22.518044881930372], [88.37846642121427, 22.518059332533426], [88.37837778624183, 22.518069596659625], [88.3783317529734, 22.5180739515898], [88.37830700348903, 22.518073371540986], [88.37828047713701, 22.518065677388307], [88.37825734731503, 22.518056370052037], [88.37823586051175, 22.518040711220838], [88.37821776305208, 22.518022647549408], [88.3782056528637, 22.51800611656616], [88.37819521084684, 22.517985611538794], [88.37811460591472, 22.51778123574802], [88.3780690541433, 22.517662015913057], [88.37806092798323, 22.51761693461033], [88.37804970263547, 22.51760356439893], [88.3780326562046, 22.517605294593324], [88.37798782757699, 22.51762337491586], [88.37795358200174, 22.51763506140179], [88.37788833646432, 22.517656629492322], [88.37769681564573, 22.517714315881868], [88.37754833490906, 22.51776173560954], [88.3774880049529, 22.51777990719276], [88.37733749312538, 22.517828275391455], [88.37699282751716, 22.517938745382796], [88.37689372178176, 22.517971501157167], [88.37666855097092, 22.518041803272926], [88.37650106996767, 22.51811160994656], [88.37632624613529, 22.518183760013468], [88.37628425798061, 22.51820671216781], [88.37619341315255, 22.51825750164805], [88.37600590870163, 22.51836347779462], [88.37582047037583, 22.518461011227785], [88.37564948953623, 22.51855562942136], [88.37555170252764, 22.518605141675113], [88.37547769482298, 22.51864245634031], [88.37542037691797, 22.5186753123565], [88.37534237171025, 22.51872499302136], [88.37527934141833, 22.518764563111706], [88.37523155014692, 22.518794508912084], [88.3751259073712, 22.518860864806133], [88.37503872048298, 22.518922425959573], [88.37499242670312, 22.5189551698833], [88.37494567118924, 22.518988791750022], [88.37491951045153, 22.51900999865717], [88.3748588373389, 22.51906472202203], [88.37484345458796, 22.519080591511646], [88.37470484723458, 22.51920785190687], [88.37463728763701, 22.519273671539043], [88.37460656884757, 22.519302717705063], [88.37457781377532, 22.519321192799435], [88.37451619743166, 22.519361056474963], [88.37446992161811, 22.51938447894107], [88.37425896125679, 22.519476468468174], [88.37418693613394, 22.51950874507309], [88.37413028747382, 22.519528417567138], [88.37397197916793, 22.51957235226821], [88.3738051638163, 22.519626577520025], [88.37357851527685, 22.519713807057045], [88.37352522451924, 22.519744724366955], [88.37346320393374, 22.51977774774396], [88.3734009309216, 22.51982395523213], [88.37334192418383, 22.51987717630808], [88.3732830764479, 22.519946548890967], [88.37316091994231, 22.520097237472502], [88.37306378421229, 22.520218625999387], [88.37300169265988, 22.520346319338763], [88.37291419315794, 22.520398448180096], [88.37268625912931, 22.520487323577157], [88.37261169177422, 22.52051839920807], [88.37253686300937, 22.52052897516089], [88.37252408088119, 22.520535443544343], [88.37244988183534, 22.52055201903485], [88.37246342842984, 22.520786374267956], [88.37249713411761, 22.521218056695503], [88.37255605102384, 22.521798432138677], [88.3728443203985, 22.52500012423025], [88.37288510570902, 22.525337507771923], [88.37298216238729, 22.526506521861418], [88.37302356753534, 22.526944241273178], [88.37308745392171, 22.5276101941842], [88.37310888682609, 22.52787520815404], [88.37313498468174, 22.528294732286707], [88.37314940354035, 22.52886513828557], [88.37315032161858, 22.529278427089505], [88.37339138722001, 22.529300507813215], [88.37349474468165, 22.52931106152], [88.37362550974264, 22.529315224421527], [88.37368881671566, 22.529314292602045], [88.37378426630784, 22.529308929868808], [88.3738820596046, 22.529292934600825], [88.37440958627208, 22.529187159341582], [88.37456146443715, 22.52915759997258], [88.37465025391981, 22.52914402924624], [88.37468188090602, 22.52914731841539], [88.37483600485933, 22.5290793311738], [88.37495833473977, 22.529041064272647], [88.37506115411055, 22.529015119310987], [88.37513703839586, 22.528995480528348], [88.37522261909635, 22.528963604425048], [88.37526248183708, 22.528941234890524], [88.37530327074089, 22.52890310154273], [88.37534452227706, 22.528855652448236], [88.37537768448408, 22.528817387974417], [88.37539865834934, 22.528787584576165], [88.37541733701903, 22.528773750778807], [88.37548104284406, 22.52876333145244], [88.37562071559935, 22.52874162818482], [88.37575382077165, 22.528717701979524], [88.37587866952815, 22.528703669861873], [88.37599561311013, 22.528699631406354], [88.37606928304828, 22.52870431873635], [88.37620290924343, 22.528732801170523], [88.37626195460871, 22.5287474887976], [88.37630456619422, 22.528754720177748], [88.37633895100836, 22.528757465031997], [88.3764329740759, 22.52875210310688], [88.37655961946297, 22.528736587377217], [88.37676617089288, 22.52871122568155], [88.37694422866029, 22.528683116636266], [88.37706352672666, 22.528669181597333], [88.37710194946797, 22.528666574482006], [88.37721087019618, 22.52867855625928], [88.37738528978667, 22.5286960534691], [88.37751620935789, 22.528713283493104], [88.37764481397059, 22.52873041311369], [88.37788143021643, 22.528750417029514], [88.37807387629975, 22.528770798484278], [88.37825719280482, 22.52878974776639], [88.3786535950852, 22.52883648743703], [88.3789572418209, 22.528851356770957], [88.3791055940985, 22.528855930418462], [88.37925235725636, 22.528872752179748], [88.37945990851118, 22.528898623319385], [88.37954125904498, 22.52890217967758], [88.37965933989412, 22.52891392910119], [88.37984157033605, 22.52892725424076], [88.38010921349347, 22.52894091045382], [88.380361322983, 22.52895576401105], [88.3806511913589, 22.52896710186852], [88.38081269317563, 22.528968907428904], [88.38106419720066, 22.528955043778286], [88.38131020982436, 22.528932726517326], [88.3815537844204, 22.528895541584742], [88.38178700862771, 22.528854192067346], [88.38187880117842, 22.52884042133854], [88.38192682691012, 22.52881619892531], [88.38200554178691, 22.528768603762774], [88.3821329300807, 22.528686274713852], [88.3821929034057, 22.528650045602006], [88.3822311824166, 22.528631508693035], [88.38226347595273, 22.528617926298306], [88.38230784913452, 22.528605639992627], [88.38237937659072, 22.528593820842698], [88.38251270634181, 22.52857796987078], [88.3827013965689, 22.52854955627509], [88.38289108212936, 22.52851291224545], [88.38296256107651, 22.52849619167154], [88.38311549116882, 22.528479470265836], [88.38342217151524, 22.52845631403639], [88.38361805006123, 22.52843572177507], [88.38366025201496, 22.528432558713163], [88.38381030390508, 22.528429867787164], [88.38396331664238, 22.52842154856879], [88.38405940134349, 22.52841334053837], [88.38421002276547, 22.52840097787615], [88.38434941434811, 22.528387407905228], [88.38447327855107, 22.528363555487655], [88.3846864074455, 22.528311949914343], [88.3848752970986, 22.528269959643367], [88.38501666317825, 22.52824335155416], [88.38520191914601, 22.5282124527413], [88.38543089252543, 22.528182486578416], [88.38555896982706, 22.528159248152342], [88.38566743600772, 22.52813813143449], [88.38588633208624, 22.5280938136158], [88.38610263383025, 22.52805874685167], [88.38631473595031, 22.52802436712558], [88.38665340620233, 22.52796725177141], [88.38683813845226, 22.52793050303656], [88.3868997107785, 22.52791760264181], [88.38706276308739, 22.527886249043394], [88.38727679658528, 22.527846372061926], [88.38745664739, 22.52781226942555], [88.3875370960153, 22.52779399792997], [88.38757133170908, 22.527781982885262], [88.38760202265074, 22.527766092821086], [88.38762987671278, 22.52774697246624], [88.38766883844329, 22.52771668674142], [88.38771658300233, 22.527663666170223], [88.38779613151567, 22.527557932811366], [88.38783368558612, 22.527495235401368], [88.38785373598327, 22.52744976067662], [88.38789766539729, 22.527317413907845], [88.38793355758446, 22.52721835911656], [88.38795497252252, 22.527164113610603], [88.38797972919343, 22.527094305701933], [88.38799088267601, 22.527078452068643], [88.38801895952021, 22.527057856282788], [88.38806285479825, 22.527029331184867], [88.38810876140423, 22.52699988420325], [88.38814279677372, 22.526983713585764], [88.3882112439068, 22.526952719897007], [88.38843831914599, 22.526841536038678], [88.38844076615682, 22.526840964324407], [88.38849600356363, 22.526816243696075], [88.38851989695357, 22.526811996912077], [88.38854276087417, 22.526813819925845], [88.38855370055771, 22.52681978600174], [88.38856353172018, 22.5268237423646], [88.38858095724005, 22.526825611845556], [88.38861031957344, 22.526824348929413], [88.38869498039905, 22.526804424393035], [88.38889626859975, 22.52674975719905], [88.38921940787878, 22.52664291870994], [88.38924211100095, 22.52662858019444], [88.38926220451722, 22.526604879322054], [88.38933824151614, 22.526548559965683], [88.38939675867208, 22.526516615256064], [88.38945461466794, 22.526497898829206], [88.38969696665689, 22.526448766951905], [88.38970530931091, 22.526456875525934], [88.38973531393971, 22.52650477601275], [88.389761778308, 22.526511632451598], [88.39022046617688, 22.52649490831633], [88.3904409585617, 22.526481515730264], [88.39045672040167, 22.526476912132228], [88.39046834460143, 22.52646751823603], [88.39049971826275, 22.5264389374212], [88.39052410213282, 22.526414772671224], [88.39056704968826, 22.526370848443644], [88.39060900909685, 22.526345443165194], [88.39067672230632, 22.526315460001747], [88.39100759787662, 22.526217874028337], [88.39122403526623, 22.52616809399483], [88.3913117018548, 22.52614011636678], [88.39138244777668, 22.52610534699713], [88.39148276084784, 22.526052217106468], [88.39150009743452, 22.52602702336307], [88.39151029061804, 22.52599100431764], [88.39151656265534, 22.52591473266357], [88.3915125220332, 22.5258625046703], [88.39153998622639, 22.5257947597674], [88.39145802214323, 22.525783294693152], [88.391365245039, 22.52575984343969], [88.391173546354, 22.52571588498285], [88.39112456122153, 22.52570136298955], [88.39101299495486, 22.52566292338794], [88.39097738933023, 22.525647270397414], [88.39085757383427, 22.525589451235508], [88.39076223563318, 22.525536263891492], [88.39070112414271, 22.525494396414302], [88.39067890431417, 22.525474637642514], [88.39054644772551, 22.525387996739163], [88.3905361332694, 22.52537711413867], [88.39053010108229, 22.525364696439063], [88.39052674407807, 22.525351258935125], [88.39052648087169, 22.525340890797192], [88.39054011639941, 22.525265853501903], [88.39056802705525, 22.525207982733754], [88.39058920214313, 22.525181603904908], [88.39061575185136, 22.52515630296061], [88.3906428827696, 22.52513327893957], [88.39064456261917, 22.52513195460393], [88.39062406216607, 22.52508471829848], [88.39059263280923, 22.52501661869602], [88.39054938521649, 22.52492325043462], [88.39051889729406, 22.52483803309823], [88.39049624807082, 22.52477352634927], [88.39044046179333, 22.52461240331324], [88.39040845571807, 22.524519554225893], [88.39038295524212, 22.524443521568255], [88.39036982546594, 22.52439015869767], [88.39034768199419, 22.52430062529877], [88.39032330351398, 22.52416727146712], [88.39031227399892, 22.5241109502872], [88.39028199448566, 22.52399824396458], [88.39027339581175, 22.52396623311178], [88.39025412245732, 22.523874488043035], [88.39024308845069, 22.52381917743056], [88.39022515897592, 22.52375382381757], [88.39020521637664, 22.52366709802591], [88.39019690785858, 22.52362558264442], [88.39015508409558, 22.523634283856506], [88.39012604066413, 22.52363810920327], [88.39003986977049, 22.52365990289033], [88.38994126978662, 22.523679022981074], [88.38989117343814, 22.523686135966162], [88.38986169971366, 22.523689567989617], [88.38981901536462, 22.52369787919504], [88.38977342496563, 22.523714953011623], [88.38956762632395, 22.52381421361402], [88.3894663026481, 22.52386036332651], [88.38942275681471, 22.523885884402965], [88.38941491092902, 22.523871256833758], [88.38937143246928, 22.52375725252016], [88.38936480469908, 22.523737661947845], [88.38936428187961, 22.52372813509857], [88.38931128936268, 22.5235609940096], [88.38930274279105, 22.52350913106569], [88.38925593247994, 22.52352068345703], [88.38922289873197, 22.523545797997297], [88.3892098695671, 22.523552497751957], [88.38901671920459, 22.52360787651423], [88.38888324931631, 22.523629295969325], [88.38875154731251, 22.523647569675298], [88.38847906582897, 22.5236818434473], [88.3884658848488, 22.52367334304813], [88.3884389255088, 22.523541829093666], [88.38839528894556, 22.52337955037672], [88.38835363586249, 22.52322633615746], [88.38832417651102, 22.523106700313463], [88.38828819449233, 22.522945976955512], [88.3882588752781, 22.52284052875562], [88.38824629077929, 22.522786667386917], [88.38825557127447, 22.522777888120416], [88.38841271985534, 22.52272288409447], [88.38842114695102, 22.52270686151037], [88.38842330111105, 22.52268799271418], [88.38835683655984, 22.52252109432812], [88.3883027876241, 22.522395782866795], [88.38825966759217, 22.522291032109937], [88.38825143453259, 22.522269242355954], [88.38824737774078, 22.522264159822104], [88.38824082453078, 22.522260030729974], [88.38823032142845, 22.52226151524483], [88.38803403594564, 22.52231763055817], [88.38802782499374, 22.52231673354314], [88.38802488390951, 22.522313249208096], [88.38802281059785, 22.522309486889558], [88.38798984871511, 22.522240647395787], [88.3879851648992, 22.522237448510563], [88.387980497253, 22.522235868568284], [88.38797438152255, 22.522234841273853], [88.3879682837584, 22.52223570343775], [88.3879375505959, 22.522244339183043], [88.3879334830243, 22.52224464455002], [88.38792998857785, 22.522244134222046], [88.38792736370057, 22.522243346740343], [88.38792298351527, 22.522241494623216], [88.38792005860068, 22.52223962922919], [88.3879174013841, 22.522235603031763], [88.38789296720834, 22.52217641077939], [88.38788358520353, 22.522153873355595], [88.38785553710542, 22.522106909036985], [88.38784401621189, 22.522090435798706], [88.3878107686649, 22.522044058129065], [88.38780199392122, 22.522031830154745], [88.387785248426, 22.52199168428683], [88.38773935439644, 22.521880117215655], [88.38772534067802, 22.521829441090407], [88.38764919857621, 22.521835378338405], [88.38762575883553, 22.521841918853635], [88.38759594464955, 22.521855554192218], [88.38755116363265, 22.521873165949344], [88.3874691420573, 22.521897813609595], [88.38739275561375, 22.521917131437437], [88.38731027050773, 22.521933333350663], [88.38719640275724, 22.521946655014535], [88.38709761143221, 22.521962292658074], [88.38708094049714, 22.521963523256332], [88.38706606529438, 22.521890626679934], [88.38704280881, 22.521769221366142], [88.38703061867159, 22.52170092097638], [88.38701335125518, 22.52158618630273], [88.38699703515469, 22.521470661558297], [88.38698000489352, 22.521348592859805], [88.38695813540795, 22.521201204129056], [88.38695810756016, 22.521198454975664], [88.38695940742237, 22.52119691485226], [88.38696103427135, 22.521195068529735], [88.38696430234236, 22.521192901901372], [88.38702377800068, 22.521185361436835], [88.38702911219684, 22.521182995654378], [88.38703240811563, 22.521180395866054], [88.38703458742849, 22.521176778733082], [88.38703525577506, 22.521174459419733], [88.38703521355426, 22.521170218270953], [88.38702766680754, 22.521135192069632], [88.38700733164445, 22.521035525425745], [88.38697838702771, 22.52103860401651], [88.38697601457704, 22.52103576772994], [88.38697381460291, 22.5210325646678], [88.38697159756079, 22.521027751776337], [88.38695960056015, 22.52098435940339], [88.38690683352037, 22.52076143514594], [88.38694497419071, 22.52075605465465], [88.38692153085675, 22.52049956994401], [88.38705608860482, 22.520491150670615], [88.38705568436296, 22.52045079690202], [88.38705775767463, 22.520420487172842], [88.3870649190441, 22.520353800102555], [88.38706911597309, 22.52030776207346], [88.3870720435826, 22.520176806699677], [88.38707710109766, 22.52008957413566], [88.38709573754655, 22.520033067904514], [88.38709551206941, 22.52003307039397], [88.38703500873837, 22.51997280009792], [88.3869562714037, 22.519879997681738], [88.38693927258359, 22.51984745562244], [88.3869153684139, 22.519796734771482], [88.38690288542469, 22.51976974333485], [88.38687342068337, 22.519713467661987], [88.38685947613523, 22.51969451215604], [88.38683344924648, 22.519648046551495], [88.3870101550494, 22.51959429513388], [88.38701539132921, 22.51958577207816], [88.3870066983322, 22.519546243713854], [88.3869965482678, 22.519499517496566], [88.38699073706624, 22.5194714497276], [88.38699168928044, 22.519456034193517], [88.38699589968417, 22.519447705306728], [88.38700635697236, 22.51942874146619], [88.38700795956686, 22.519423207406586], [88.38700418484602, 22.519377851178522], [88.38698931054155, 22.519273366995325], [88.386977194065, 22.51919737294187], [88.38697060132912, 22.51915852989787], [88.38696068213176, 22.519110550520672], [88.38694190285077, 22.51902369734154], [88.38694081049935, 22.519021960526388], [88.38690796180435, 22.519027482154716], [88.38684578042042, 22.519041113621903], [88.38675708436249, 22.519063742833616], [88.38669276858144, 22.519078764246736], [88.38666299931123, 22.519083386347305], [88.38666004565057, 22.519071375523982], [88.38664314384852, 22.51897528392106], [88.38662332880997, 22.518862804929693], [88.38661568863846, 22.51882496670624], [88.3866023306902, 22.51874018707438], [88.38659448749945, 22.518690645825224], [88.38658363585083, 22.518605057862946], [88.38658151762337, 22.51859513898313], [88.38657741681412, 22.518588800791125], [88.38654659920996, 22.518540184741287], [88.3865037549608, 22.518478940410365], [88.38647246035124, 22.518439130418997], [88.38631913320363, 22.51826054378838], [88.38629891571985, 22.518247774432968], [88.38619380295012, 22.518243841059682], [88.38616083208426, 22.51824654380163], [88.38605283662079, 22.518258360517468], [88.38597422505029, 22.518273831783482], [88.38581146469386, 22.51832659539296], [88.38571807493861, 22.51798324570155], [88.38561094634939, 22.517995919651277], [88.38559635052265, 22.517924959458984], [88.38558611960987, 22.517916567413042], [88.38557277513632, 22.5179011334493], [88.38553626850151, 22.517700237835886], [88.38552556866816, 22.51763219102237], [88.38552066476502, 22.517626530756754], [88.38551644986971, 22.517625366506252], [88.38544286976308, 22.51762241729284], [88.38534106279364, 22.51761105609897], [88.38523388479707, 22.517602717972924], [88.38523080716892, 22.51757082845327], [88.38523267027483, 22.517568223617992], [88.38523961335366, 22.517564339185302], [88.3853083713038, 22.51753258408926], [88.3853428540343, 22.517515965915265]]]]}}, {"type": "Feature", "properties": {"area_id": "kmc-ward-68", "ward": 68, "source": "DataMeet Municipal_Spatial_Data/Kolkata (KMC 141-ward scheme), property WARD=68", "licence": "CC BY-SA 2.5 India", "area_km2_geodesic": 0.9284, "share_of_obos_box": 0.2859, "holds_box_centre": true}, "geometry": {"type": "MultiPolygon", "coordinates": [[[[88.37244988183534, 22.52055201903485], [88.37242401844, 22.520214832090918], [88.37240193605369, 22.519883111980327], [88.37235960204761, 22.51941784843849], [88.3723040529254, 22.51887096373824], [88.37223700626583, 22.5185753086897], [88.37219520855399, 22.518386083052416], [88.37209154027525, 22.517964726447456], [88.37205907156762, 22.517762445942726], [88.37202237538825, 22.51740154476228], [88.37184847053243, 22.517430487592954], [88.37168038226804, 22.51752550978944], [88.37159656496043, 22.51761171083436], [88.3715525645795, 22.51766861720338], [88.37150418940314, 22.517733832623584], [88.37145430236217, 22.5177963046007], [88.37137222868455, 22.51790868737025], [88.37134970073384, 22.517946902586225], [88.37131766411585, 22.51801198012385], [88.37129561586552, 22.518035606955962], [88.37119982042195, 22.518112258040972], [88.37110685916308, 22.518175095800313], [88.37102105298545, 22.518210297845176], [88.37089466002499, 22.518251918581853], [88.37065774733512, 22.518328391964296], [88.37056158448058, 22.51836781694887], [88.37048475786253, 22.518409835953918], [88.3703725690633, 22.51848111040061], [88.37021467577908, 22.51858724321237], [88.37002065405075, 22.518706634022454], [88.36983016539644, 22.518821317978365], [88.36980642741509, 22.518824277124075], [88.36978705075438, 22.51881754809635], [88.36977050917676, 22.51879700667717], [88.36975673261354, 22.518755759524815], [88.36972570839693, 22.51862227918757], [88.36969731624403, 22.518458939986317], [88.36966742390463, 22.518289600125225], [88.36963434434263, 22.51810149436244], [88.36959341709826, 22.51786744327206], [88.36954934305548, 22.517628351402244], [88.36953364769084, 22.517542998453756], [88.36953322727928, 22.51750025806284], [88.36954008232324, 22.517442290271426], [88.36955136695984, 22.517381526755845], [88.3695669167974, 22.51730142233774], [88.36957108767525, 22.517272432179634], [88.36957219260304, 22.517233815968478], [88.36956670030342, 22.517136218601987], [88.36955069322335, 22.517019155776335], [88.36953652319806, 22.51693792589406], [88.36952738104344, 22.51691456442104], [88.3695152951096, 22.51689398454666], [88.3694957414808, 22.516869332674553], [88.36946577817451, 22.516843389576305], [88.36943889339469, 22.51682845173352], [88.3694001679211, 22.5168177510224], [88.36937637604078, 22.516815194303316], [88.36932143417971, 22.51681704151416], [88.3692166744479, 22.51683721063217], [88.36904019771536, 22.51686628801411], [88.368949651128, 22.516872573175693], [88.36882926160855, 22.516865323747155], [88.36873258312107, 22.5168523575922], [88.36864775970038, 22.516836532657727], [88.36858518844755, 22.516817760980384], [88.36850912629582, 22.516786694475336], [88.36849710773565, 22.51677300884656], [88.3684745303776, 22.51674286759699], [88.36843830132219, 22.51667223371634], [88.36838913383177, 22.516561092205414], [88.36835642796889, 22.516494433976664], [88.36830235837193, 22.516427957449977], [88.36824843609871, 22.516376354057357], [88.36813529778024, 22.516278151133903], [88.36799540583597, 22.51617521723419], [88.367944373443, 22.516145900713465], [88.36787972169202, 22.516129958690943], [88.36781955612756, 22.51613046987132], [88.36768432284634, 22.516145581225754], [88.3676017344341, 22.516160246955458], [88.36743398213963, 22.516212875278477], [88.36720711081796, 22.51630833480649], [88.36695359366837, 22.516367420863766], [88.36673010180883, 22.516361184639567], [88.36655905808719, 22.516342303359156], [88.36640533657912, 22.51630294169426], [88.36633499579742, 22.51662051257826], [88.36630351074506, 22.516712126370308], [88.36628463444598, 22.516814976886756], [88.36626783415352, 22.5169073407195], [88.36624679021969, 22.517027596007065], [88.36621330192419, 22.517207624818987], [88.36619823178698, 22.517281103917867], [88.36614657775986, 22.517512378560248], [88.36610405780252, 22.517653810562724], [88.3660784432405, 22.51772574760267], [88.3660013911453, 22.517938280679434], [88.3659734795911, 22.51801458495074], [88.36587816474622, 22.518269099289014], [88.36586789340924, 22.51829526617245], [88.36584436653196, 22.51835702507617], [88.36583799298502, 22.518374027357943], [88.36579396655294, 22.51849286817889], [88.36577294417867, 22.51854990529718], [88.36572312181639, 22.518681243101422], [88.36571824755767, 22.51869444807378], [88.36571194138433, 22.518711488485888], [88.3657037209012, 22.518735720968973], [88.36567989308828, 22.51880475970653], [88.36563371159785, 22.518939193332333], [88.36560557007493, 22.519021451846132], [88.36555490688953, 22.519177716167267], [88.36551338136721, 22.51930257165688], [88.3654494707263, 22.519488608707885], [88.36543224463243, 22.519552321299145], [88.3653084765492, 22.51989549697994], [88.36526984090717, 22.52004784358706], [88.36525517860508, 22.52011158994286], [88.36524778097872, 22.52015444487035], [88.36522675950279, 22.520330413482725], [88.36521840696727, 22.5203979511223], [88.36521591324403, 22.5204171762208], [88.3652151766255, 22.520423188212597], [88.36520840063329, 22.520487721886976], [88.36520441750334, 22.52055058843942], [88.36520052600154, 22.52062285838539], [88.36519555113148, 22.52073172460819], [88.36519764061283, 22.5207752846822], [88.36520092305689, 22.520831835419582], [88.3652063893054, 22.520910644948003], [88.36522439154369, 22.521056338689444], [88.36525219530003, 22.52136665692626], [88.36527624859008, 22.52157719867874], [88.36528364711477, 22.521644412084925], [88.36531132331035, 22.521889812642495], [88.36532581133928, 22.52199294973654], [88.3653592448375, 22.522261648013075], [88.36538244562634, 22.522394439419518], [88.36539850840194, 22.522471034149742], [88.36541162919498, 22.52252575033536], [88.36545519479132, 22.5227085634277], [88.3655289015604, 22.523043410897813], [88.36553540895629, 22.523091754849712], [88.36554806981194, 22.523144651046554], [88.36555394569217, 22.52316602742404], [88.3655720323721, 22.52325261495435], [88.3655836691483, 22.52330536753504], [88.36560890372297, 22.52342236446053], [88.36563457038723, 22.52352244925847], [88.3658351938346, 22.524345848804302], [88.36596960336068, 22.52485763928044], [88.36603210184992, 22.5251097935546], [88.3660673418602, 22.525285159241868], [88.36608547255759, 22.525401274091454], [88.36610171679287, 22.525498626643195], [88.36613139443492, 22.525651643343966], [88.36614465716175, 22.52573095711915], [88.36615373104443, 22.525795543079965], [88.36619183039227, 22.526063000080356], [88.36620031767508, 22.526146054259335], [88.3662175797016, 22.526429248951786], [88.36621981021842, 22.526569355803353], [88.36622339808967, 22.526783136534547], [88.36622437186345, 22.526882114468986], [88.36622539684117, 22.526986302477876], [88.36623501061135, 22.52733642313285], [88.36623805230693, 22.527389134325183], [88.3662447869766, 22.527432439220274], [88.36626986434607, 22.52754473200515], [88.3662794924893, 22.527620112416848], [88.36629352058077, 22.52775024507327], [88.3662971192318, 22.527856784819303], [88.36626081022632, 22.528053655403376], [88.36623868472087, 22.52814685476605], [88.3662165996396, 22.528225787075968], [88.3660506655353, 22.528673523747006], [88.36603290314719, 22.52871464430398], [88.36607045003109, 22.52873197472694], [88.36615722189767, 22.528764126364834], [88.36631770412653, 22.52882418787462], [88.36638105781192, 22.528847585503126], [88.36641707396662, 22.528856590908898], [88.36647732666768, 22.528866166360444], [88.36660450834896, 22.528884483351057], [88.36673427178839, 22.528910538695598], [88.36678112701529, 22.52891712368301], [88.36697624648491, 22.52894778917529], [88.36700203082849, 22.528949115133855], [88.36716746546952, 22.528931138353997], [88.3672833068187, 22.528916691377233], [88.36736109643073, 22.528912717649387], [88.36757052516447, 22.52891745890664], [88.36767788821396, 22.52892241092316], [88.36780481836698, 22.528928734535157], [88.36790915499229, 22.528934015966545], [88.36812299804737, 22.528945368761523], [88.3682888441168, 22.52895313864639], [88.3685007962182, 22.528961382324464], [88.3687783397084, 22.52898709081435], [88.36888709334994, 22.52899440432831], [88.36916243417105, 22.529010991250377], [88.36928594982766, 22.529019405026016], [88.36947638458304, 22.52903135524172], [88.36953596534427, 22.52903719177916], [88.36974493863218, 22.52905263030734], [88.36996040853624, 22.529069355792423], [88.37005686154659, 22.529080403224384], [88.37030688155478, 22.52911205277619], [88.37055048310029, 22.52914280949884], [88.37070640727742, 22.52915843305168], [88.37091348422176, 22.529178141510947], [88.37103040175263, 22.529187316995937], [88.37129162285409, 22.52918635364474], [88.37148663722081, 22.529183398040004], [88.37177355463099, 22.529175777524905], [88.37181258104019, 22.529173521407575], [88.37190463589891, 22.529197450852955], [88.37204838610732, 22.52920116900663], [88.37210616484809, 22.529202492473484], [88.37230872506316, 22.529213130823276], [88.37251036809836, 22.5292237965543], [88.37267883994339, 22.529233240878387], [88.37290193474759, 22.52925518718829], [88.37306718343734, 22.52927081238794], [88.37315032161858, 22.529278427089505], [88.37314940354035, 22.52886513828557], [88.37313498468174, 22.528294732286707], [88.37310888682609, 22.52787520815404], [88.37308745392171, 22.5276101941842], [88.37302356753534, 22.526944241273178], [88.37298216238729, 22.526506521861418], [88.37288510570902, 22.525337507771923], [88.3728443203985, 22.52500012423025], [88.37255605102384, 22.521798432138677], [88.37249713411761, 22.521218056695503], [88.37246342842984, 22.520786374267956], [88.37244988183534, 22.52055201903485]]]]}}, {"type": "Feature", "properties": {"area_id": "kmc-ward-69", "ward": 69, "source": "DataMeet Municipal_Spatial_Data/Kolkata (KMC 141-ward scheme), property WARD=69", "licence": "CC BY-SA 2.5 India", "area_km2_geodesic": 2.0176, "share_of_obos_box": 0.0928, "holds_box_centre": false}, "geometry": {"type": "MultiPolygon", "coordinates": [[[[88.35309272088678, 22.532089442199897], [88.3530956260384, 22.532160202617046], [88.35311084080436, 22.53223993831248], [88.35319394664624, 22.53265349332102], [88.35321663000549, 22.532774190429656], [88.35325701826065, 22.53299207954226], [88.35327218811086, 22.533077349099987], [88.35329507808261, 22.533219116146967], [88.35337086355324, 22.533627681526816], [88.3533985217825, 22.53376829882951], [88.35345407719296, 22.534063874069435], [88.35347303793367, 22.53417018408848], [88.35349694928986, 22.53429419712886], [88.35356614741453, 22.534643823825185], [88.35364383731357, 22.53493016483717], [88.35370353485577, 22.53513840500543], [88.35378909489502, 22.535419177554402], [88.35383452000399, 22.535543684816954], [88.35398734948495, 22.53584034733836], [88.35405431978768, 22.535974900460303], [88.35409569349474, 22.53607803284579], [88.35421385609058, 22.536367850715717], [88.35423778631142, 22.53644386270414], [88.35425966028862, 22.536518610993557], [88.35427379438127, 22.536588073955418], [88.35432349277606, 22.536953400485938], [88.35435065513529, 22.53717618826085], [88.35437169906916, 22.537357668530994], [88.35440807365164, 22.53753934354442], [88.35445241449406, 22.537749497233875], [88.35449069170832, 22.53792937126675], [88.3545316620718, 22.5381749503188], [88.35457635146055, 22.538420784482945], [88.35460680255207, 22.53858645146038], [88.35462529886377, 22.53869657048152], [88.35468646245651, 22.539054664741002], [88.35471493905102, 22.539214996819034], [88.3547555590715, 22.53943766976498], [88.3548045981029, 22.539722328167027], [88.35482509047115, 22.539852396318917], [88.3548661461746, 22.540119669284664], [88.35487836416075, 22.540172864287456], [88.35494546921079, 22.54054874911476], [88.35496330076919, 22.540663736856427], [88.35500418848765, 22.540895526583434], [88.35502746383666, 22.54101826913756], [88.35504782145765, 22.54112222495481], [88.35542954346964, 22.541100721095404], [88.35791609724406, 22.540977547176283], [88.35912407617965, 22.54090641127987], [88.35915813670198, 22.54089944022887], [88.35919209212139, 22.54089165608176], [88.35921974136753, 22.54088528074715], [88.35923011511244, 22.54088221255502], [88.35926414688868, 22.540872260427886], [88.35947238086308, 22.540804002672118], [88.35964204656912, 22.540748488098153], [88.35981738244122, 22.540691368050258], [88.35995316638969, 22.540646504175022], [88.36005309498188, 22.540613957051857], [88.36007430869734, 22.540605829396462], [88.36009164258905, 22.540598547196034], [88.36012909964144, 22.54058097931117], [88.36024671695989, 22.54052786909417], [88.36043758649991, 22.540438643186704], [88.36063090574568, 22.54035147320028], [88.36091114777498, 22.540224188310837], [88.36124691557029, 22.540067891379554], [88.36159266095348, 22.53990789631874], [88.36176408106924, 22.539808627369833], [88.36179023821369, 22.539788986803412], [88.36180708162526, 22.539769815842273], [88.36183304024203, 22.53975327335669], [88.3618753446037, 22.539737517421365], [88.3619017793276, 22.539731139544372], [88.36192299124639, 22.53972274135594], [88.36233120008453, 22.539507570998094], [88.36235743987397, 22.539496329421272], [88.36238466062372, 22.539485983087655], [88.36242799535303, 22.539472880496294], [88.3625005504819, 22.539455105043626], [88.36265475887683, 22.53942525747805], [88.36288354899989, 22.539385926451427], [88.36297221810833, 22.539365394728417], [88.36298528051088, 22.539358871636942], [88.36300603878048, 22.539342282638966], [88.36303645393939, 22.53933163926159], [88.36306150166443, 22.539324981757268], [88.36308582355075, 22.539319813562365], [88.3631237243709, 22.539317776651295], [88.36322350114784, 22.539299679255414], [88.36342538852479, 22.539263465373413], [88.3635997137922, 22.539232633742774], [88.36365025660331, 22.53922091506631], [88.36370416091027, 22.53920492260584], [88.36372246408416, 22.539197451989658], [88.36375194499519, 22.539181586470534], [88.36378025360472, 22.539175469093614], [88.36380767198382, 22.539165784836488], [88.36383831441648, 22.539152754398657], [88.3638945920724, 22.53911118061461], [88.36394573405983, 22.539071367442524], [88.36405716378262, 22.538982539679868], [88.36417878399399, 22.538881883634183], [88.36424985510602, 22.538821940167846], [88.36427445367345, 22.538802041423704], [88.3642929347138, 22.538782189969698], [88.36431466855377, 22.5387649097604], [88.36433148950745, 22.538754006641668], [88.36441004268748, 22.538688169741], [88.36461558980089, 22.538519963992048], [88.36464626636955, 22.53849522720071], [88.36470883043582, 22.538440412798455], [88.36476544495997, 22.538393597556308], [88.36483557373927, 22.538336823350747], [88.36487916898001, 22.538300866424766], [88.36492432549271, 22.538265438841414], [88.36493501993614, 22.53825550311975], [88.36497376247773, 22.53822621368669], [88.36502068956985, 22.538200618097296], [88.36507471425105, 22.538177153187856], [88.36512528670659, 22.538162482328058], [88.36509193405671, 22.53795526228218], [88.36499972289111, 22.53747781972723], [88.36498741956498, 22.537372288034277], [88.36496574770877, 22.537230227384736], [88.36495304642898, 22.537083906845478], [88.36494720468468, 22.536947986607107], [88.36494992029176, 22.536765973951532], [88.36495168009142, 22.536715754652203], [88.36496167205233, 22.53657558175964], [88.36497401490432, 22.536456242070418], [88.36499882457582, 22.53623011269101], [88.36502140193387, 22.536006094575885], [88.365030801905, 22.53587307314688], [88.36504456409517, 22.535766698061245], [88.36505309000552, 22.535697415565302], [88.36505565020408, 22.535571739363743], [88.36504805854162, 22.53543299989974], [88.36503138042006, 22.535320363385246], [88.36498936531588, 22.535164567034197], [88.3649234505336, 22.53479498259448], [88.3648740144469, 22.534517794860086], [88.3648308396177, 22.534279054570263], [88.36481104883367, 22.53416644449559], [88.36476835190824, 22.533941249792413], [88.3647183202385, 22.533603340471554], [88.36467126109402, 22.533250947292156], [88.36467081552962, 22.53320529026106], [88.36467639047427, 22.53313873299296], [88.36468790777452, 22.533043207927804], [88.36472088133534, 22.532912798977243], [88.36476913793409, 22.532753344912116], [88.36485076694565, 22.532503962646636], [88.36498093552525, 22.5321240399661], [88.36506875213252, 22.53186280616379], [88.36512501990694, 22.531692908548123], [88.36519567420068, 22.531481678587603], [88.36525393443843, 22.531278166613713], [88.36528469185546, 22.53115931770599], [88.36537516927255, 22.53080517747443], [88.36546180190022, 22.530448697263104], [88.36552118233713, 22.53020520125819], [88.36557736387334, 22.529988110121973], [88.3656103356375, 22.529881779458776], [88.3656687683518, 22.52964661819468], [88.36569492369962, 22.529561051954822], [88.36582294889897, 22.529237300062277], [88.36585614254702, 22.52915353165897], [88.36598414618682, 22.528827523518043], [88.3660506655353, 22.528673523747006], [88.3662165996396, 22.528225787075968], [88.36565975735118, 22.527248600142954], [88.3654071636697, 22.526927068282856], [88.36536742130322, 22.52688583683387], [88.3652799226996, 22.52681603625255], [88.36514449448399, 22.526700036271226], [88.3650529013593, 22.52662775207875], [88.3649936502798, 22.52659343920833], [88.36482042994021, 22.526500143373323], [88.36464714851516, 22.52640063493797], [88.36450256377185, 22.52632729345285], [88.36434788106645, 22.526247823192072], [88.36415458877013, 22.526154696398407], [88.36403190136022, 22.526096704025175], [88.36393633229208, 22.526054854972976], [88.36382883719024, 22.526010714058618], [88.3637280785547, 22.525971176745212], [88.36366930537893, 22.525948371921757], [88.36358877141372, 22.52592419878814], [88.36348477435158, 22.525895563095425], [88.36338080783217, 22.52587003409243], [88.36332226911667, 22.52585710861185], [88.36328081815454, 22.52584481625216], [88.36322083494805, 22.525826810026], [88.3631659182398, 22.52579518046601], [88.36311720170363, 22.525765080184094], [88.36305286885454, 22.525729490896765], [88.3629938091162, 22.52570268980908], [88.36288021086031, 22.525669124341594], [88.36283167578384, 22.52565749081133], [88.36269652514765, 22.52563053122148], [88.36246271613707, 22.525588253860825], [88.36230506270303, 22.52555907459148], [88.36224269536778, 22.52554755805119], [88.36210933687062, 22.525527006845337], [88.36189798484381, 22.525494222160084], [88.36175746497719, 22.52547333239515], [88.36142596328114, 22.525421474318012], [88.36090455953067, 22.525338928360437], [88.36057435590023, 22.525284123672268], [88.36051724820098, 22.525276258155976], [88.36028005433842, 22.525237591905164], [88.36015249177144, 22.525217046461687], [88.36007270969613, 22.525204192281414], [88.35989856768504, 22.52517680941326], [88.35987218236849, 22.525172713599545], [88.35978534582324, 22.525158706015304], [88.35976795354102, 22.52515511139063], [88.35968302950903, 22.525142826436536], [88.35957625395773, 22.52512703481311], [88.35930108561315, 22.525083551621456], [88.35846903275934, 22.524949042654573], [88.35838756813946, 22.524934428474495], [88.35729030117274, 22.524749508180197], [88.35711504704734, 22.524723547476302], [88.35710004877537, 22.524719387755574], [88.35708640695944, 22.52471823435205], [88.35701538435646, 22.52471883345807], [88.35675483160156, 22.5247319100663], [88.3559867522707, 22.524733211171743], [88.35587322677834, 22.524727090665426], [88.35574685088588, 22.52470407238137], [88.35539395670965, 22.524652019845295], [88.3550854752411, 22.524593433543206], [88.35474434360522, 22.52455226114243], [88.35396950085858, 22.52456498842583], [88.35379749054965, 22.5245362636641], [88.35354322151017, 22.524484040958235], [88.35331556775593, 22.524452367112033], [88.35300929614296, 22.52444157986349], [88.35286522703262, 22.524430300549525], [88.35274025520692, 22.524428165503853], [88.35260370230061, 22.524432869574568], [88.3525792869895, 22.5244164762733], [88.35254715784504, 22.52433050102692], [88.35254134394853, 22.524849148081245], [88.35257272210139, 22.525278257933852], [88.35258991855088, 22.525467569557765], [88.3526022623012, 22.525617039807628], [88.35261323701904, 22.525738342996426], [88.35262499416946, 22.525879626346608], [88.35262947406777, 22.52592291097038], [88.35263921989032, 22.526004339696545], [88.35266907360213, 22.526419070913555], [88.35268486149324, 22.526631528385863], [88.35269085145956, 22.52670316203294], [88.35270645878933, 22.52698878681849], [88.35272373159557, 22.527280482450458], [88.35277225768893, 22.52763177731303], [88.35280025188814, 22.527891766998426], [88.35280579988331, 22.527946445357188], [88.3528197399399, 22.528063868171365], [88.35284127704885, 22.528190220826247], [88.35287311963073, 22.52862874641127], [88.35290359946832, 22.528956179721458], [88.3529290774864, 22.529316727945016], [88.35292119566809, 22.529374830154126], [88.35293097382996, 22.529608904069068], [88.35295593531677, 22.529751894418418], [88.35297130818621, 22.530010321833508], [88.35297652200813, 22.530105745277147], [88.3529954099853, 22.530439060519573], [88.35302117995583, 22.53098311894027], [88.35302645845644, 22.531072970780173], [88.3530539783452, 22.531427230638297], [88.35307968992525, 22.531838342825107], [88.35309294726221, 22.532017393155776], [88.35309272088678, 22.532089442199897]]]]}}, {"type": "Feature", "properties": {"area_id": "kmc-ward-85", "ward": 85, "source": "DataMeet Municipal_Spatial_Data/Kolkata (KMC 141-ward scheme), property WARD=85", "licence": "CC BY-SA 2.5 India", "area_km2_geodesic": 0.7146, "share_of_obos_box": 0.0244, "holds_box_centre": false}, "geometry": {"type": "MultiPolygon", "coordinates": [[[[88.35248075887083, 22.51729806152109], [88.35242700188759, 22.51759645442008], [88.35237769785321, 22.517925244919617], [88.35229003216294, 22.51831602508037], [88.35220644302746, 22.518812253001084], [88.35214689460557, 22.51905150878683], [88.35212245863323, 22.519248752889546], [88.35209835773247, 22.519496765819824], [88.35207034287201, 22.51964268925173], [88.35201326212221, 22.51976844550192], [88.35196946476056, 22.519956841920536], [88.35197281996813, 22.519977727540606], [88.35197637190677, 22.520028477368644], [88.3519553504308, 22.52025556764264], [88.35192757721718, 22.520434912633128], [88.35194439278098, 22.520545314985625], [88.35193201758963, 22.520620046984597], [88.35191944476892, 22.52066491487606], [88.35186244217253, 22.520802616974457], [88.35181554202987, 22.521040598876883], [88.35181311298535, 22.521160070548195], [88.35181676373865, 22.521225752332292], [88.35180117078198, 22.521300501389227], [88.35178208427712, 22.521333461329114], [88.35177255135531, 22.52135143411879], [88.3517695707452, 22.521387289242224], [88.35177302476748, 22.521423107015043], [88.35184857577784, 22.521658605901802], [88.35190849161064, 22.521899166189566], [88.35194504226291, 22.522075158303988], [88.35198485200306, 22.522257104849942], [88.35208029800198, 22.522582084608445], [88.35212634294851, 22.52273413118565], [88.35215340110318, 22.522934068533026], [88.35220308512493, 22.52311856308227], [88.35226194004738, 22.52326157674572], [88.35231112550413, 22.523401659426536], [88.35232468377671, 22.52350610812617], [88.35230869645962, 22.523521130715938], [88.35230249898245, 22.523557004361574], [88.35230279362989, 22.523601799107315], [88.35234240663895, 22.523753881903033], [88.35239169001207, 22.523908897014795], [88.35244397375824, 22.524031043111307], [88.35248990282209, 22.52416517126856], [88.3525185671645, 22.524238747072385], [88.35254715784504, 22.52433050102692], [88.3525792869895, 22.5244164762733], [88.35260370230061, 22.524432869574568], [88.35274025520692, 22.524428165503853], [88.35286522703262, 22.524430300549525], [88.35300929614296, 22.52444157986349], [88.35331556775593, 22.524452367112033], [88.35354322151017, 22.524484040958235], [88.35379749054965, 22.5245362636641], [88.35396950085858, 22.52456498842583], [88.35474434360522, 22.52455226114243], [88.3550854752411, 22.524593433543206], [88.35539395670965, 22.524652019845295], [88.35574685088588, 22.52470407238137], [88.35587322677834, 22.524727090665426], [88.3559867522707, 22.524733211171743], [88.35675483160156, 22.5247319100663], [88.35701538435646, 22.52471883345807], [88.35708640695944, 22.52471823435205], [88.35710004877537, 22.524719387755574], [88.35711504704734, 22.524723547476302], [88.35729030117274, 22.524749508180197], [88.35838756813946, 22.524934428474495], [88.35846903275934, 22.524949042654573], [88.35930108561315, 22.525083551621456], [88.35957625395773, 22.52512703481311], [88.35968302950903, 22.525142826436536], [88.35976795354102, 22.52515511139063], [88.35977738764815, 22.525157062213033], [88.35977810360544, 22.525147899736854], [88.35977893724201, 22.525122193021854], [88.35978045180158, 22.525055158051632], [88.35977898754767, 22.525016368930768], [88.35977311975223, 22.524971568835166], [88.35976644257471, 22.524939282719096], [88.35975969982019, 22.524896297339772], [88.35975104994235, 22.52484655417041], [88.35973626546938, 22.524762549934493], [88.35973175233339, 22.52471357924848], [88.35973340703015, 22.52469573136416], [88.3597364550139, 22.524690322813342], [88.35977526313252, 22.524678878392102], [88.35983326375714, 22.524662110886066], [88.35985755779568, 22.52465657537649], [88.35987502014649, 22.524653051270683], [88.35989232080055, 22.524650653185898], [88.35990802425002, 22.524649157909497], [88.35993932514778, 22.524647694994762], [88.36004796649993, 22.52464264159096], [88.36017472776966, 22.52464150478254], [88.36022285590933, 22.524641157101694], [88.36023535057663, 22.524641082420846], [88.36031941761587, 22.524639936484753], [88.36037819079162, 22.524634994272155], [88.36037483199078, 22.52451034523932], [88.36037040239813, 22.524333201990217], [88.3603699541388, 22.524312255624107], [88.36036860037765, 22.524273071314916], [88.36036870548054, 22.524259104299123], [88.36036981489993, 22.524248507057298], [88.36037230143661, 22.524237448451643], [88.3603801572038, 22.524220191316093], [88.36038931103653, 22.524175858134065], [88.36038673915988, 22.524132103301643], [88.36037997843904, 22.524098332494315], [88.36036257717367, 22.524072611477546], [88.36033235605089, 22.524050979664764], [88.36028937346117, 22.52403940325384], [88.36024570276194, 22.524027814395065], [88.36023697383234, 22.524024524274257], [88.3602267626825, 22.524017882627835], [88.36021653176972, 22.52400922292945], [88.36020629546707, 22.52399989109979], [88.36019744795982, 22.523984492666724], [88.360191499316, 22.523969070167965], [88.36018918705248, 22.523954961227144], [88.3601904815248, 22.523941650544188], [88.36021330771618, 22.523783045787564], [88.36022154706396, 22.52371919989085], [88.36023133780226, 22.52358745031869], [88.3602296786139, 22.52352889343775], [88.36023070898156, 22.523335307372626], [88.36023067484557, 22.523259995155545], [88.36023015472101, 22.523250489848003], [88.3602309416452, 22.523242815068897], [88.36023946665726, 22.523219852963663], [88.36024726133897, 22.523203542498045], [88.36026136668556, 22.523182010124707], [88.36031316623979, 22.523110685825493], [88.36039235632535, 22.523001515281926], [88.36042681480134, 22.522955442453696], [88.36049510652586, 22.52285610157378], [88.36052351035681, 22.52281419511368], [88.3605481637215, 22.522777571137432], [88.36055138238515, 22.52276674309801], [88.36055283855421, 22.522745639662457], [88.36055154857348, 22.522727131833985], [88.36053598975275, 22.522609466331282], [88.36052946259392, 22.522568602854523], [88.36050901873467, 22.522407529524568], [88.36051652326056, 22.52237666674748], [88.3605189118809, 22.52235490522023], [88.36052139033276, 22.52234220179745], [88.36052391010713, 22.522333726209904], [88.36052699582012, 22.52232811509513], [88.3605877659508, 22.522313464956394], [88.36065802408748, 22.522295906362682], [88.36074769032587, 22.522273749007425], [88.36086610894158, 22.52224371434244], [88.3608902736227, 22.52223882681106], [88.36090169120997, 22.522237169697213], [88.36091390470457, 22.5222360901253], [88.36094608145974, 22.522233377503774], [88.36111763452617, 22.522223946807767], [88.36111675777047, 22.522170206349784], [88.36111676855023, 22.522050894044213], [88.36111198681799, 22.521803551201007], [88.36111028001893, 22.521626136454426], [88.36111240183965, 22.52160681111765], [88.3611294797115, 22.521580923675966], [88.36115012838665, 22.521565732424712], [88.36118123794324, 22.521556889185565], [88.36121933190118, 22.52155334840457], [88.36141338507055, 22.521547417782912], [88.36144803398935, 22.521546051092816], [88.36149650618377, 22.52154027896376], [88.36151952820788, 22.52153150293728], [88.3615321001303, 22.521517452663762], [88.36152631677648, 22.52145568770419], [88.3615210993613, 22.5213531933095], [88.36151326425542, 22.521155202064058], [88.36151139755626, 22.521070081150853], [88.36218162789477, 22.521037623182494], [88.36261238714151, 22.521018419745324], [88.36282521240535, 22.521007910214685], [88.36302209975946, 22.520998406411877], [88.3631232590436, 22.520983616724177], [88.36312222238774, 22.5209721861027], [88.36313867862543, 22.5203378262027], [88.36314788815372, 22.520250539802436], [88.36315538459476, 22.519694055756748], [88.36317616172897, 22.51935274998761], [88.36321592475672, 22.519125283151194], [88.36309287442741, 22.519107027933046], [88.36266727330704, 22.51903934942284], [88.36216491563724, 22.51896038116118], [88.3620739549265, 22.518947740492766], [88.36192378625542, 22.518923713842575], [88.36190014259715, 22.518920560520783], [88.36179720375043, 22.518904411362897], [88.36171040403607, 22.518890595661798], [88.36165503547525, 22.51888152156102], [88.36154597011827, 22.51886387622977], [88.36144805105737, 22.51884838511405], [88.36137376487493, 22.518836376759808], [88.36135122344952, 22.51883218283911], [88.36124077828029, 22.518815580588026], [88.36120796372124, 22.51881063318816], [88.36108693010979, 22.518790509998404], [88.36094364433039, 22.518767366252], [88.36082261251552, 22.518747500300965], [88.36068211241182, 22.51872513492107], [88.36063091562715, 22.518716542106613], [88.3605396530825, 22.518701323986136], [88.36036479780907, 22.518672846952313], [88.36030824257374, 22.518664004357877], [88.36015308825279, 22.518637364545015], [88.36010895671781, 22.518630456266397], [88.36004759459742, 22.518620117497793], [88.35986261081915, 22.518589350134306], [88.35968972644946, 22.51856009055369], [88.35943483308084, 22.518517128914304], [88.35938523350077, 22.51850895597787], [88.35928576215103, 22.518491830898753], [88.35922163052459, 22.51848068967974], [88.35911002293537, 22.518461199597905], [88.35903583287268, 22.51844837632246], [88.35900258802064, 22.518441499567704], [88.35886168187845, 22.518413756875116], [88.35883851432727, 22.518409162966144], [88.35867202775904, 22.51837757319938], [88.35861670770718, 22.51836658714841], [88.35845377667087, 22.51832697877215], [88.35839556314549, 22.5183132269099], [88.35796796417195, 22.51821841354128], [88.35792029147815, 22.518205896449032], [88.35782152081431, 22.518186272726457], [88.35759033847765, 22.518146231959058], [88.35714678542466, 22.518069234855208], [88.35695797572158, 22.518037538792857], [88.35674965550889, 22.518001252120044], [88.35633159394872, 22.51792919987752], [88.35627680480121, 22.517921846775913], [88.35610114104404, 22.51789206675199], [88.35578272869999, 22.51784120909157], [88.35561497550722, 22.517812115318172], [88.35558273497166, 22.517816961514757], [88.35451033337199, 22.517639867772758], [88.3536804607294, 22.517497266525417], [88.35296711215553, 22.517379828922067], [88.35248075976912, 22.51729806069128], [88.35248075976912, 22.517298057371928], [88.35248075887083, 22.51729806152109]]]]}}, {"type": "Feature", "properties": {"area_id": "kmc-ward-86", "ward": 86, "source": "DataMeet Municipal_Spatial_Data/Kolkata (KMC 141-ward scheme), property WARD=86", "licence": "CC BY-SA 2.5 India", "area_km2_geodesic": 0.8882, "share_of_obos_box": 0.1894, "holds_box_centre": false}, "geometry": {"type": "MultiPolygon", "coordinates": [[[[88.35977738764815, 22.525157062213033], [88.35978534582324, 22.525158706015304], [88.35987218236849, 22.525172713599545], [88.35989856768504, 22.52517680941326], [88.36007270969613, 22.525204192281414], [88.36015249177144, 22.525217046461687], [88.36028005433842, 22.525237591905164], [88.36051724820098, 22.525276258155976], [88.36057435590023, 22.525284123672268], [88.36090455953067, 22.525338928360437], [88.36142596328114, 22.525421474318012], [88.36175746497719, 22.52547333239515], [88.36189798484381, 22.525494222160084], [88.36210933687062, 22.525527006845337], [88.36224269536778, 22.52554755805119], [88.36230506270303, 22.52555907459148], [88.36246271613707, 22.525588253860825], [88.36269652514765, 22.52563053122148], [88.36283167578384, 22.52565749081133], [88.36288021086031, 22.525669124341594], [88.3629938091162, 22.52570268980908], [88.36305286885454, 22.525729490896765], [88.36311720170363, 22.525765080184094], [88.3631659182398, 22.52579518046601], [88.36322083494805, 22.525826810026], [88.36328081815454, 22.52584481625216], [88.36332226911667, 22.52585710861185], [88.36338080783217, 22.52587003409243], [88.36348477435158, 22.525895563095425], [88.36358877141372, 22.52592419878814], [88.36366930537893, 22.525948371921757], [88.3637280785547, 22.525971176745212], [88.36382883719024, 22.526010714058618], [88.36393633229208, 22.526054854972976], [88.36403190136022, 22.526096704025175], [88.36415458877013, 22.526154696398407], [88.36434788106645, 22.526247823192072], [88.36450256377185, 22.52632729345285], [88.36464714851516, 22.52640063493797], [88.36482042994021, 22.526500143373323], [88.3649936502798, 22.52659343920833], [88.3650529013593, 22.52662775207875], [88.36514449448399, 22.526700036271226], [88.3652799226996, 22.52681603625255], [88.36536742130322, 22.52688583683387], [88.3654071636697, 22.526927068282856], [88.36565975735118, 22.527248600142954], [88.3662165996396, 22.528225787075968], [88.36623868472087, 22.52814685476605], [88.36626081022632, 22.528053655403376], [88.3662971192318, 22.527856784819303], [88.36629352058077, 22.52775024507327], [88.3662794924893, 22.527620112416848], [88.36626986434607, 22.52754473200515], [88.3662447869766, 22.527432439220274], [88.36623805230693, 22.527389134325183], [88.36623501061135, 22.52733642313285], [88.36622539684117, 22.526986302477876], [88.36622437186345, 22.526882114468986], [88.36622339808967, 22.526783136534547], [88.36621981021842, 22.526569355803353], [88.3662175797016, 22.526429248951786], [88.36620031767508, 22.526146054259335], [88.36619183039227, 22.526063000080356], [88.36615373104443, 22.525795543079965], [88.36614465716175, 22.52573095711915], [88.36613139443492, 22.525651643343966], [88.36610171679287, 22.525498626643195], [88.36608547255759, 22.525401274091454], [88.3660673418602, 22.525285159241868], [88.36603210184992, 22.5251097935546], [88.36596960336068, 22.52485763928044], [88.3658351938346, 22.524345848804302], [88.36563457038723, 22.52352244925847], [88.36560890372297, 22.52342236446053], [88.3655836691483, 22.52330536753504], [88.3655720323721, 22.52325261495435], [88.36555394569217, 22.52316602742404], [88.36554806981194, 22.523144651046554], [88.36553540895629, 22.523091754849712], [88.3655289015604, 22.523043410897813], [88.36545519479132, 22.5227085634277], [88.36541162919498, 22.52252575033536], [88.36539850840194, 22.522471034149742], [88.36538244562634, 22.522394439419518], [88.3653592448375, 22.522261648013075], [88.36532581133928, 22.52199294973654], [88.36531132331035, 22.521889812642495], [88.36528364711477, 22.521644412084925], [88.36527624859008, 22.52157719867874], [88.36525219530003, 22.52136665692626], [88.36522439154369, 22.521056338689444], [88.3652063893054, 22.520910644948003], [88.36520092305689, 22.520831835419582], [88.36519764061283, 22.5207752846822], [88.36519555113148, 22.52073172460819], [88.36520052600154, 22.52062285838539], [88.36520441750334, 22.52055058843942], [88.36520840063329, 22.520487721886976], [88.3652151766255, 22.520423188212597], [88.36521591324403, 22.5204171762208], [88.36521840696727, 22.5203979511223], [88.36522675950279, 22.520330413482725], [88.36524778097872, 22.52015444487035], [88.36525517860508, 22.52011158994286], [88.36526984090717, 22.52004784358706], [88.3653084765492, 22.51989549697994], [88.36543224463243, 22.519552321299145], [88.3654494707263, 22.519488608707885], [88.36551338136721, 22.51930257165688], [88.36555490688953, 22.519177716167267], [88.36560557007493, 22.519021451846132], [88.36563371159785, 22.518939193332333], [88.36567989308828, 22.51880475970653], [88.3657037209012, 22.518735720968973], [88.36571194138433, 22.518711488485888], [88.36571824755767, 22.51869444807378], [88.36572312181639, 22.518681243101422], [88.36577294417867, 22.51854990529718], [88.36579396655294, 22.51849286817889], [88.36583799298502, 22.518374027357943], [88.36584436653196, 22.51835702507617], [88.36586789340924, 22.51829526617245], [88.36587816474622, 22.518269099289014], [88.3659734795911, 22.51801458495074], [88.3660013911453, 22.517938280679434], [88.3660784432405, 22.51772574760267], [88.36610405780252, 22.517653810562724], [88.36614657775986, 22.517512378560248], [88.36619823178698, 22.517281103917867], [88.36621330192419, 22.517207624818987], [88.36624679021969, 22.517027596007065], [88.36626783415352, 22.5169073407195], [88.36628463444598, 22.516814976886756], [88.36630351074506, 22.516712126370308], [88.36633499579742, 22.51662051257826], [88.36640533657912, 22.51630294169426], [88.36630410183652, 22.516255000328094], [88.36623329303254, 22.51618240197161], [88.36615316241088, 22.51605294884601], [88.36594383698336, 22.515704993698417], [88.36564567625912, 22.51521392537792], [88.36556788574877, 22.515111630495685], [88.36547585065297, 22.515006816128267], [88.36534956279534, 22.514889093431393], [88.36526905937286, 22.514800020250142], [88.36510851785519, 22.514669387447043], [88.36495526706433, 22.514558479172504], [88.36484645682891, 22.514482846], [88.364703497138, 22.514404861824936], [88.36454934443861, 22.51434545128761], [88.36442670463937, 22.514309531268648], [88.36424442658675, 22.514282037531316], [88.3641276554813, 22.514264547624524], [88.36368355445596, 22.5142181523913], [88.36311860307548, 22.51416192009965], [88.36234709577349, 22.514078693577318], [88.36194087131382, 22.51403720518993], [88.3610469595712, 22.513941807991937], [88.36067121135584, 22.51390538580788], [88.36009612428401, 22.513841608374523], [88.35972369085205, 22.51380704503308], [88.35915149905036, 22.513748518861654], [88.35826043317059, 22.513653082461367], [88.35722704270877, 22.513536068966474], [88.35632941643246, 22.51344231619415], [88.35606159361198, 22.513410799149206], [88.35599308988503, 22.513910808058455], [88.35595683837172, 22.514185774968794], [88.35582734712186, 22.51509995707392], [88.3557821924058, 22.515459928202247], [88.35572690648992, 22.515986168385872], [88.35569011958071, 22.51640569957348], [88.35563989656984, 22.517066972402585], [88.35560856602767, 22.517471609836498], [88.35559229035135, 22.517798810682123], [88.35558273497166, 22.517816961514757], [88.35561497550722, 22.517812115318172], [88.35578272869999, 22.51784120909157], [88.35610114104404, 22.51789206675199], [88.35627680480121, 22.517921846775913], [88.35633159394872, 22.51792919987752], [88.35674965550889, 22.518001252120044], [88.35695797572158, 22.518037538792857], [88.35714678542466, 22.518069234855208], [88.35759033847765, 22.518146231959058], [88.35782152081431, 22.518186272726457], [88.35792029147815, 22.518205896449032], [88.35796796417195, 22.51821841354128], [88.35839556314549, 22.5183132269099], [88.35845377667087, 22.51832697877215], [88.35861670770718, 22.51836658714841], [88.35867202775904, 22.51837757319938], [88.35883851432727, 22.518409162966144], [88.35886168187845, 22.518413756875116], [88.35900258802064, 22.518441499567704], [88.35903583287268, 22.51844837632246], [88.35911002293537, 22.518461199597905], [88.35922163052459, 22.51848068967974], [88.35928576215103, 22.518491830898753], [88.35938523350077, 22.51850895597787], [88.35943483308084, 22.518517128914304], [88.35968972644946, 22.51856009055369], [88.35986261081915, 22.518589350134306], [88.36004759459742, 22.518620117497793], [88.36010895671781, 22.518630456266397], [88.36015308825279, 22.518637364545015], [88.36030824257374, 22.518664004357877], [88.36036479780907, 22.518672846952313], [88.3605396530825, 22.518701323986136], [88.36063091562715, 22.518716542106613], [88.36068211241182, 22.51872513492107], [88.36082261251552, 22.518747500300965], [88.36094364433039, 22.518767366252], [88.36108693010979, 22.518790509998404], [88.36120796372124, 22.51881063318816], [88.36124077828029, 22.518815580588026], [88.36135122344952, 22.51883218283911], [88.36137376487493, 22.518836376759808], [88.36144805105737, 22.51884838511405], [88.36154597011827, 22.51886387622977], [88.36165503547525, 22.51888152156102], [88.36171040403607, 22.518890595661798], [88.36179720375043, 22.518904411362897], [88.36190014259715, 22.518920560520783], [88.36192378625542, 22.518923713842575], [88.3620739549265, 22.518947740492766], [88.36216491563724, 22.51896038116118], [88.36266727330704, 22.51903934942284], [88.36309287442741, 22.519107027933046], [88.36321592475672, 22.519125283151194], [88.36317616172897, 22.51935274998761], [88.36315538459476, 22.519694055756748], [88.36314788815372, 22.520250539802436], [88.36313867862543, 22.5203378262027], [88.36312222238774, 22.5209721861027], [88.3631232590436, 22.520983616724177], [88.36302209975946, 22.520998406411877], [88.36282521240535, 22.521007910214685], [88.36261238714151, 22.521018419745324], [88.36218162789477, 22.521037623182494], [88.36151139755626, 22.521070081150853], [88.36151326425542, 22.521155202064058], [88.3615210993613, 22.5213531933095], [88.36152631677648, 22.52145568770419], [88.3615321001303, 22.521517452663762], [88.36151952820788, 22.52153150293728], [88.36149650618377, 22.52154027896376], [88.36144803398935, 22.521546051092816], [88.36141338507055, 22.521547417782912], [88.36121933190118, 22.52155334840457], [88.36118123794324, 22.521556889185565], [88.36115012838665, 22.521565732424712], [88.3611294797115, 22.521580923675966], [88.36111240183965, 22.52160681111765], [88.36111028001893, 22.521626136454426], [88.36111198681799, 22.521803551201007], [88.36111676855023, 22.522050894044213], [88.36111675777047, 22.522170206349784], [88.36111763452617, 22.522223946807767], [88.36094608145974, 22.522233377503774], [88.36091390470457, 22.5222360901253], [88.36090169120997, 22.522237169697213], [88.3608902736227, 22.52223882681106], [88.36086610894158, 22.52224371434244], [88.36074769032587, 22.522273749007425], [88.36065802408748, 22.522295906362682], [88.3605877659508, 22.522313464956394], [88.36052699582012, 22.52232811509513], [88.36052391010713, 22.522333726209904], [88.36052139033276, 22.52234220179745], [88.3605189118809, 22.52235490522023], [88.36051652326056, 22.52237666674748], [88.36050901873467, 22.522407529524568], [88.36052946259392, 22.522568602854523], [88.36053598975275, 22.522609466331282], [88.36055154857348, 22.522727131833985], [88.36055283855421, 22.522745639662457], [88.36055138238515, 22.52276674309801], [88.3605481637215, 22.522777571137432], [88.36052351035681, 22.52281419511368], [88.36049510652586, 22.52285610157378], [88.36042681480134, 22.522955442453696], [88.36039235632535, 22.523001515281926], [88.36031316623979, 22.523110685825493], [88.36026136668556, 22.523182010124707], [88.36024726133897, 22.523203542498045], [88.36023946665726, 22.523219852963663], [88.3602309416452, 22.523242815068897], [88.36023015472101, 22.523250489848003], [88.36023067484557, 22.523259995155545], [88.36023070898156, 22.523335307372626], [88.3602296786139, 22.52352889343775], [88.36023133780226, 22.52358745031869], [88.36022154706396, 22.52371919989085], [88.36021330771618, 22.523783045787564], [88.3601904815248, 22.523941650544188], [88.36018918705248, 22.523954961227144], [88.360191499316, 22.523969070167965], [88.36019744795982, 22.523984492666724], [88.36020629546707, 22.52399989109979], [88.36021653176972, 22.52400922292945], [88.3602267626825, 22.524017882627835], [88.36023697383234, 22.524024524274257], [88.36024570276194, 22.524027814395065], [88.36028937346117, 22.52403940325384], [88.36033235605089, 22.524050979664764], [88.36036257717367, 22.524072611477546], [88.36037997843904, 22.524098332494315], [88.36038673915988, 22.524132103301643], [88.36038931103653, 22.524175858134065], [88.3603801572038, 22.524220191316093], [88.36037230143661, 22.524237448451643], [88.36036981489993, 22.524248507057298], [88.36036870548054, 22.524259104299123], [88.36036860037765, 22.524273071314916], [88.3603699541388, 22.524312255624107], [88.36037040239813, 22.524333201990217], [88.36037483199078, 22.52451034523932], [88.36037819079162, 22.524634994272155], [88.36031941761587, 22.524639936484753], [88.36023535057663, 22.524641082420846], [88.36022285590933, 22.524641157101694], [88.36017472776966, 22.52464150478254], [88.36004796649993, 22.52464264159096], [88.35993932514778, 22.524647694994762], [88.35990802425002, 22.524649157909497], [88.35989232080055, 22.524650653185898], [88.35987502014649, 22.524653051270683], [88.35985755779568, 22.52465657537649], [88.35983326375714, 22.524662110886066], [88.35977526313252, 22.524678878392102], [88.3597364550139, 22.524690322813342], [88.35973340703015, 22.52469573136416], [88.35973175233339, 22.52471357924848], [88.35973626546938, 22.524762549934493], [88.35975104994235, 22.52484655417041], [88.35975969982019, 22.524896297339772], [88.35976644257471, 22.524939282719096], [88.35977311975223, 22.524971568835166], [88.35977898754767, 22.525016368930768], [88.35978045180158, 22.525055158051632], [88.35977893724201, 22.525122193021854], [88.35977810360544, 22.525147899736854], [88.35977738764815, 22.525157062213033]]]]}}, {"type": "Feature", "geometry": {"type": "MultiPolygon", "coordinates": [[[[88.3716144297565, 22.515381835039165], [88.37160899225408, 22.515350257857907], [88.37152871790198, 22.51505954198227], [88.37145210598129, 22.51483530613926], [88.3713288517344, 22.51452489357115], [88.37118053808439, 22.514212370827803], [88.37100661616054, 22.513879117681267], [88.37080044292134, 22.513539195025963], [88.37062771306188, 22.513289636172576], [88.37043474775234, 22.513019331275842], [88.37029201443686, 22.512841866249243], [88.37007415052257, 22.51258571871184], [88.36987169900361, 22.51236895258297], [88.36960872349242, 22.512108537846554], [88.36936780251972, 22.51189071289321], [88.36915069768186, 22.51171125972138], [88.36886812991428, 22.511495173541427], [88.36862102673582, 22.511320623541323], [88.36836737124568, 22.51115543174438], [88.36814316881876, 22.511017876049653], [88.36792411104346, 22.510894221366552], [88.36774040377125, 22.51080048422985], [88.36755924591778, 22.51071137355949], [88.36719456315008, 22.51054711630006], [88.36683008789322, 22.51040377744746], [88.3665889109007, 22.510322146998266], [88.36626818539479, 22.51022154807758], [88.36606979965083, 22.510162797981884], [88.36585900996941, 22.510115774816892], [88.36557295045033, 22.51005311928565], [88.3652920122267, 22.510002040483887], [88.36500608925155, 22.50995332846782], [88.3641261570914, 22.509813491077246], [88.36340388645013, 22.50969641790078], [88.36295750190735, 22.509625816104204], [88.3614474833221, 22.50938196805143], [88.36048445520154, 22.509225077715033], [88.35860097191836, 22.508924186229013], [88.3579690008278, 22.508822595411843], [88.35593424394574, 22.508489872016842], [88.35503643351478, 22.50834402062922], [88.35420672706047, 22.508166626780536], [88.35419924229753, 22.508165267427103], [88.35417047644552, 22.509000338628734], [88.35414997509412, 22.509371541453753], [88.35408866866923, 22.50983183548971], [88.35405291661922, 22.51016509673319], [88.35403713591465, 22.51029660101045], [88.35404157988036, 22.51050268163681], [88.35404246202593, 22.51059327542212], [88.35401120155238, 22.51089895245379], [88.3539145185733, 22.511742312429632], [88.35387417792884, 22.51210505657362], [88.35385640026935, 22.51228187857364], [88.35384489824045, 22.512352191881934], [88.35381964300456, 22.512373813078035], [88.35355240229237, 22.5125195639507], [88.35334470371386, 22.5126524004019], [88.353272413588, 22.51274040195983], [88.35323683581116, 22.512842659593534], [88.35313322053301, 22.513469849931525], [88.35299880471877, 22.514261501247], [88.35288135718189, 22.515078161207], [88.35268810441143, 22.516161217036213], [88.35250881056218, 22.517065789061185], [88.35248075976912, 22.51729806069128], [88.35296711215553, 22.517379828922067], [88.3536804607294, 22.517497266525417], [88.35451033337199, 22.517639867772758], [88.35558273497166, 22.517816961514757], [88.35559229035135, 22.517798810682123], [88.35560856602767, 22.517471609836498], [88.35563989656984, 22.517066972402585], [88.35569011958071, 22.51640569957348], [88.35572690648992, 22.515986168385872], [88.3557821924058, 22.515459928202247], [88.35582734712186, 22.51509995707392], [88.35595683837172, 22.514185774968794], [88.35599308988503, 22.513910808058455], [88.35606159361198, 22.513410799149206], [88.35632941643246, 22.51344231619415], [88.35722704270877, 22.513536068966474], [88.35826043317059, 22.513653082461367], [88.35915149905036, 22.513748518861654], [88.35972369085205, 22.51380704503308], [88.36009612428401, 22.513841608374523], [88.36067121135584, 22.51390538580788], [88.3610469595712, 22.513941807991937], [88.36194087131382, 22.51403720518993], [88.36234709577349, 22.514078693577318], [88.36311860307548, 22.51416192009965], [88.36368355445596, 22.5142181523913], [88.3641276554813, 22.514264547624524], [88.36424442658675, 22.514282037531316], [88.36442670463937, 22.514309531268648], [88.36454934443861, 22.51434545128761], [88.364703497138, 22.514404861824936], [88.36484645682891, 22.514482846], [88.36495526706433, 22.514558479172504], [88.36510851785519, 22.514669387447043], [88.36526905937286, 22.514800020250142], [88.36534956279534, 22.514889093431393], [88.36547585065297, 22.515006816128267], [88.36556788574877, 22.515111630495685], [88.36564567625912, 22.51521392537792], [88.36594383698336, 22.515704993698417], [88.36615316241088, 22.51605294884601], [88.36623329303254, 22.51618240197161], [88.36630410183652, 22.516255000328094], [88.36640533657912, 22.51630294169426], [88.36655905808719, 22.516342303359156], [88.36673010180883, 22.516361184639567], [88.36695359366837, 22.516367420863766], [88.36720711081796, 22.51630833480649], [88.36743398213963, 22.516212875278477], [88.3676017344341, 22.516160246955458], [88.36768432284634, 22.516145581225754], [88.36781955612756, 22.51613046987132], [88.36787972169202, 22.516129958690943], [88.367944373443, 22.516145900713465], [88.36799540583597, 22.51617521723419], [88.36813529778024, 22.516278151133903], [88.36824843609871, 22.516376354057357], [88.36830235837193, 22.516427957449977], [88.36835642796889, 22.516494433976664], [88.36838913383177, 22.516561092205414], [88.36843830132219, 22.51667223371634], [88.3684745303776, 22.51674286759699], [88.36849710773565, 22.51677300884656], [88.36850912629582, 22.516786694475336], [88.36858518844755, 22.516817760980384], [88.36864775970038, 22.516836532657727], [88.36873258312107, 22.5168523575922], [88.36882926160855, 22.516865323747155], [88.368949651128, 22.516872573175693], [88.36904019771536, 22.51686628801411], [88.3692166744479, 22.51683721063217], [88.36932143417971, 22.51681704151416], [88.36937637604078, 22.516815194303316], [88.3694001679211, 22.5168177510224], [88.36943889339469, 22.51682845173352], [88.36946577817451, 22.516843389576305], [88.3694957414808, 22.516869332674553], [88.3695152951096, 22.51689398454666], [88.36952738104344, 22.51691456442104], [88.36953652319806, 22.51693792589406], [88.36955069322335, 22.517019155776335], [88.36956670030342, 22.517136218601987], [88.36957219260304, 22.517233815968478], [88.36957108767525, 22.517272432179634], [88.3695669167974, 22.51730142233774], [88.36955136695984, 22.517381526755845], [88.36954008232324, 22.517442290271426], [88.36953322727928, 22.51750025806284], [88.36953364769084, 22.517542998453756], [88.36954934305548, 22.517628351402244], [88.36959341709826, 22.51786744327206], [88.36963434434263, 22.51810149436244], [88.36966742390463, 22.518289600125225], [88.36969731624403, 22.518458939986317], [88.36972570839693, 22.51862227918757], [88.36975673261354, 22.518755759524815], [88.36977050917676, 22.51879700667717], [88.36978705075438, 22.51881754809635], [88.36980642741509, 22.518824277124075], [88.36983016539644, 22.518821317978365], [88.37002065405075, 22.518706634022454], [88.37021467577908, 22.51858724321237], [88.3703725690633, 22.51848111040061], [88.37048475786253, 22.518409835953918], [88.37056158448058, 22.51836781694887], [88.37065774733512, 22.518328391964296], [88.37089466002499, 22.518251918581853], [88.37102105298545, 22.518210297845176], [88.37110685916308, 22.518175095800313], [88.37119982042195, 22.518112258040972], [88.37129561586552, 22.518035606955962], [88.37131766411585, 22.51801198012385], [88.37134970073384, 22.517946902586225], [88.37137222868455, 22.51790868737025], [88.37145430236217, 22.5177963046007], [88.37150418940314, 22.517733832623584], [88.3715525645795, 22.51766861720338], [88.37159656496043, 22.51761171083436], [88.37168038226804, 22.51752550978944], [88.37184847053243, 22.517430487592954], [88.37202237538825, 22.51740154476228], [88.37199876317102, 22.51723704650312], [88.37197921133887, 22.51711722125096], [88.37194460913243, 22.516683729420624], [88.3718914800716, 22.516216592951775], [88.37186850925146, 22.516040337785864], [88.37181738253538, 22.515775994033024], [88.37174276667123, 22.515472079582754], [88.37168102995335, 22.515398923160735], [88.3716144297565, 22.515381835039165]]]]}, "properties": {"area_id": "kmc-ward-90", "ward": 90, "source": "DataMeet Municipal_Spatial_Data/Kolkata (KMC 141-ward scheme), property WARD=90", "licence": "CC BY-SA 2.5 India", "area_km2_geodesic": 1.146, "share_of_obos_box": 0.0541, "holds_box_centre": false}}, {"type": "Feature", "geometry": {"type": "MultiPolygon", "coordinates": [[[[88.3853428540343, 22.517515965915265], [88.38543642524925, 22.517470869627942], [88.38548312955916, 22.517443423819753], [88.38551532428065, 22.51742494100587], [88.38563316977121, 22.51735661772312], [88.3856654435444, 22.517346132808935], [88.38566783845296, 22.51730175427025], [88.38565460716714, 22.517137468329363], [88.38564252302992, 22.517007988713825], [88.38562624196373, 22.516766859773263], [88.38562038854134, 22.516618359155522], [88.3856159068464, 22.51655605676226], [88.38560897634397, 22.51645800582652], [88.38560557891556, 22.51638526401492], [88.38560113764481, 22.51629586152263], [88.38558876604671, 22.516117145987067], [88.3855881722603, 22.516106109966174], [88.3855890705756, 22.516099278735982], [88.38559009555331, 22.516095410028957], [88.38559305190893, 22.51609125502751], [88.38559621487705, 22.516088623609527], [88.3855997686123, 22.51608625939948], [88.38562540473387, 22.516079347673994], [88.38576388632315, 22.51603854450415], [88.38585208022279, 22.516015439299338], [88.38596105574821, 22.51597958112248], [88.38603300181931, 22.515952408865175], [88.38613844966063, 22.515911299447023], [88.38622789401516, 22.515849786742688], [88.38628607340455, 22.5158093428259], [88.38643039673809, 22.51571469121819], [88.38646151078625, 22.51569049637808], [88.3864694527917, 22.51568252741539], [88.38648409892407, 22.515664343108803], [88.38648717565393, 22.515655965032927], [88.38648974753058, 22.515645785371294], [88.38649063865935, 22.515637651267614], [88.38649080484767, 22.51562997523584], [88.38648827339522, 22.515619839553885], [88.38646063403056, 22.515542656817676], [88.38641238461832, 22.515398631056115], [88.3864064817886, 22.515379542183556], [88.38637859898049, 22.515271450967543], [88.38633505045213, 22.515154079520137], [88.38630750361393, 22.515079641649777], [88.3862996774912, 22.51505201363079], [88.38625531778415, 22.51488588607756], [88.38623375821736, 22.514806138706632], [88.38621416416436, 22.514738102086103], [88.38615003972441, 22.51452165716421], [88.38610985808178, 22.514391584245907], [88.38609602672135, 22.51431827207023], [88.38608238580375, 22.514277425228357], [88.38607027831033, 22.514239545916734], [88.38605317977725, 22.51418043156477], [88.38601402490893, 22.514042896306965], [88.38598775996667, 22.513949715646003], [88.38596768172178, 22.513874150188258], [88.38594636470005, 22.513794338335018], [88.38592977281675, 22.51373405204066], [88.3859160923733, 22.513683348862635], [88.38589396147798, 22.51359962994905], [88.38587113887984, 22.51350916593139], [88.38583670376006, 22.513385462855524], [88.3858039278286, 22.513276498731965], [88.385786887686, 22.51320485563489], [88.38570769400718, 22.513217869433802], [88.38565918498182, 22.513226134797094], [88.38564177742826, 22.513228246779875], [88.38552332826983, 22.51324054690074], [88.38547821397795, 22.51324485883058], [88.38536603146696, 22.513253016311015], [88.38514809478914, 22.51326971715329], [88.3850031426349, 22.51328681881363], [88.38480423676639, 22.513314955056856], [88.38455704914627, 22.513352314302754], [88.38449737675687, 22.513360754757407], [88.38430084693228, 22.51336814129582], [88.38418476663128, 22.513369839178882], [88.38406412378691, 22.51336772636839], [88.38398373085721, 22.513357215426133], [88.38386596711335, 22.5133347927438], [88.3838073241933, 22.513322998013155], [88.38371128440795, 22.513309912856602], [88.3836043184138, 22.51329297965972], [88.3835392848788, 22.513282827209295], [88.38345459710372, 22.513272446547877], [88.38338728005127, 22.513266264124635], [88.3832772669717, 22.513258852685112], [88.38322772129048, 22.513259675071915], [88.38314661330182, 22.51326552887268], [88.3830064338967, 22.51328461471777], [88.38286012528636, 22.513306500491872], [88.3827673248259, 22.513322456947584], [88.38269301618561, 22.513324682619068], [88.38258454192012, 22.51332799374103], [88.38252760849406, 22.513316184072384], [88.38244819382965, 22.513301802681266], [88.38239134664187, 22.5132987197689], [88.38232682334994, 22.51329689408722], [88.38223289640217, 22.513302461586346], [88.38218230508197, 22.513310082976925], [88.38214819605064, 22.51331672264839], [88.38210047305118, 22.51332903437936], [88.38203526793795, 22.513344669678563], [88.38199607623876, 22.513355716708084], [88.38193346186681, 22.51337410629254], [88.38166490332611, 22.513462889113768], [88.38160035488139, 22.51348340311067], [88.38147357834026, 22.513524543955498], [88.38139315846108, 22.513550446183963], [88.38131716907289, 22.51357648782296], [88.3813021833773, 22.513579835452447], [88.38130129135024, 22.513567505487064], [88.38130179979667, 22.513557808646528], [88.38131336021608, 22.51342396230253], [88.38132160585207, 22.513297078315123], [88.3813262034297, 22.513206620738288], [88.38133251499289, 22.513050278298458], [88.3813343610308, 22.512956701126406], [88.38132969697783, 22.512850878507226], [88.38132724188216, 22.512745313063167], [88.38132669929972, 22.512654400362482], [88.38132666246881, 22.51263010457374], [88.38132795873774, 22.512618152939535], [88.38133175052656, 22.51258701412263], [88.38133596991347, 22.512552179933202], [88.38133975990566, 22.512520829487148], [88.38134399546219, 22.51248843838935], [88.38134839630878, 22.51246120901525], [88.38135545886355, 22.512418057101826], [88.38135960818185, 22.51239298203233], [88.38136100326547, 22.51238578299033], [88.38137220974866, 22.51233292416849], [88.38138446726069, 22.512278642944015], [88.381409934499, 22.512187986363752], [88.38142449439313, 22.512138231151194], [88.38143143657366, 22.512117200780274], [88.3814445699431, 22.512077882724803], [88.38145870493409, 22.512038027736857], [88.38146868162366, 22.51201295176855], [88.38150105870311, 22.511937045008093], [88.38152550006538, 22.51188072548267], [88.38154694644447, 22.511837491231503], [88.38156129343784, 22.511813665832168], [88.38157720349984, 22.511789827980824], [88.38164523561126, 22.51170680666668], [88.38173482010296, 22.51159169440603], [88.38182121647375, 22.511484825940425], [88.38183757838831, 22.51146663444269], [88.3818595646549, 22.511431880467974], [88.38188243666038, 22.511394172159065], [88.38189820119527, 22.51135755179542], [88.38191382828798, 22.511307106664265], [88.3819195604378, 22.51127127216206], [88.38192385438485, 22.511221272638412], [88.38192406459063, 22.511131269300993], [88.38192377623143, 22.511090378364212], [88.38191178102743, 22.51085584735527], [88.38190870609424, 22.51076875745524], [88.38162221807873, 22.510793649417987], [88.38139354653329, 22.510818879133407], [88.3813358136066, 22.510823652546613], [88.38117718639879, 22.51083509645545], [88.38105117612062, 22.51083908149152], [88.3809468143425, 22.51084377357675], [88.3808984733021, 22.510848693046217], [88.38083746152462, 22.510856305443475], [88.3808069915685, 22.510863656431322], [88.38077763103179, 22.51087302317266], [88.3807472113813, 22.510885436365385], [88.38063083104296, 22.510930023601624], [88.38049465183582, 22.510980880485466], [88.38044072147773, 22.510994884527598], [88.38038410785188, 22.511007983181166], [88.38027860251839, 22.51103369750092], [88.38022015273611, 22.511045722300594], [88.38016923802246, 22.511054800235247], [88.38011111702355, 22.511064822559945], [88.37999605541211, 22.511084046467047], [88.37982996500088, 22.511115891010643], [88.37969073780994, 22.511135574657693], [88.37962281708963, 22.51114072316039], [88.37952878414063, 22.511144956318233], [88.3794304473631, 22.511145937222466], [88.37937294081188, 22.511144870011936], [88.37934984153267, 22.511143118160103], [88.37930847950373, 22.511137675884147], [88.37922368752406, 22.51112770169713], [88.37919516870873, 22.511122529957618], [88.37909777875552, 22.511106465365092], [88.37894961781907, 22.51107925231614], [88.378918016884, 22.51107533450638], [88.37889730263187, 22.511078024110603], [88.3788703271222, 22.511085795000167], [88.37882053979423, 22.51110544545675], [88.37875181957331, 22.511127190498243], [88.37863007359778, 22.511162765289075], [88.3785912600893, 22.51117358261951], [88.37852863134432, 22.511191330176448], [88.37850288922156, 22.511195951710956], [88.37847792773475, 22.511199809766826], [88.37837717628575, 22.511207489364075], [88.37836611173637, 22.51120758396904], [88.37832759557025, 22.51120607029005], [88.37830100543786, 22.511202963264793], [88.3782830121827, 22.51119811600646], [88.37826348730003, 22.511190768355853], [88.37824331742694, 22.511181857233566], [88.37823032239805, 22.511174345268266], [88.3781612715971, 22.5111303846614], [88.3781465194635, 22.51112175154112], [88.37812368967886, 22.511106411423622], [88.37810503346704, 22.511095386620827], [88.37808449079311, 22.511091028981163], [88.37804546618054, 22.511062952865736], [88.37800556930385, 22.511036890006498], [88.37795886589223, 22.511011458672677], [88.37793442093671, 22.510999342584444], [88.3779238926816, 22.51099686542517], [88.37790231874173, 22.51099550858917], [88.3777545943865, 22.510997129323528], [88.37765450230093, 22.510998491138736], [88.37761172093381, 22.510995549252762], [88.37754520338198, 22.510989611539095], [88.37742993695461, 22.510975057293123], [88.37728694222938, 22.510956027560283], [88.37726403069804, 22.510954197698336], [88.37724692408011, 22.510951306433434], [88.37722509322205, 22.510942278284116], [88.37721153225453, 22.510930579614183], [88.37719759399461, 22.510917534064912], [88.3771931868598, 22.510911532447956], [88.3771814386925, 22.510896322596693], [88.37717211417986, 22.51087939159376], [88.37716578105713, 22.510856196730526], [88.37706821683074, 22.51081989821399], [88.37701572737036, 22.51079812988782], [88.37693739876919, 22.510774827127754], [88.37687648939966, 22.510755810645282], [88.37685564938336, 22.510750141799395], [88.37682725812883, 22.510745122741987], [88.37678818410892, 22.510742533545624], [88.3766994233723, 22.510746799910503], [88.37664093047091, 22.51075490110715], [88.37642672359813, 22.51078250176941], [88.37641670019623, 22.510787848624247], [88.37640676842241, 22.51080255060684], [88.37639816076535, 22.510823671633606], [88.37639637132133, 22.510897355784476], [88.37638406080868, 22.510990740161137], [88.37637119334056, 22.511041102420826], [88.37635691012754, 22.511083410787702], [88.3763312479548, 22.511123956501326], [88.37628514641442, 22.511192594065317], [88.37621051168567, 22.511301559001623], [88.3761893617506, 22.511325313950486], [88.37616618252133, 22.511346605849972], [88.37612103589011, 22.511376770682617], [88.37607312604108, 22.51139765427978], [88.37595565694463, 22.51143128960305], [88.37581906630903, 22.511472782092003], [88.37577565881618, 22.511478767917172], [88.37574016907426, 22.51148283426156], [88.37569715594184, 22.511486055802077], [88.37565821846586, 22.51148686492159], [88.37561866654221, 22.511485457468574], [88.37558817772147, 22.511476996982633], [88.37556068568048, 22.511467363065304], [88.37553941716784, 22.511458506732016], [88.3755191610565, 22.51144837240392], [88.37549955442711, 22.51143490201188], [88.3754319157778, 22.511383972266785], [88.37534355389316, 22.51133016784328], [88.37527646231788, 22.511290280274967], [88.3752574916957, 22.511280275393844], [88.37525050280279, 22.51127827624326], [88.37524194095982, 22.51127746712253], [88.37513355203426, 22.511272804927238], [88.37512121457216, 22.51127467544847], [88.37506339181392, 22.511289873639946], [88.37501217077477, 22.51130253243593], [88.37500537771457, 22.511303190520696], [88.37486711980584, 22.511301966466466], [88.37476720379004, 22.51129803787471], [88.3747155856955, 22.511294795583108], [88.37469385365215, 22.511293041243597], [88.37465900710397, 22.51128786453107], [88.37463483882955, 22.51128554422193], [88.37452379178906, 22.511267759333023], [88.37447657004954, 22.51125654616315], [88.3744391112005, 22.51124408072213], [88.37431184597588, 22.511196967469285], [88.37418330694021, 22.511148466660774], [88.37415390328431, 22.511139537278645], [88.3741085994479, 22.511130086738678], [88.37407499077818, 22.511124471849566], [88.37397425639718, 22.511105641305715], [88.37386277277545, 22.51108298506515], [88.37375719108516, 22.511060537117896], [88.37373374595458, 22.511058019296154], [88.37344518103416, 22.511037379629126], [88.37308449307456, 22.511013096004262], [88.37282262967766, 22.51099137833049], [88.37280229181964, 22.51097981825287], [88.3727372870307, 22.510925221146667], [88.37264431499207, 22.510854434086724], [88.3726150595582, 22.510835908898287], [88.37256807497391, 22.51081401443435], [88.37232448780146, 22.51072338925859], [88.37229454246146, 22.51070482919802], [88.3721958733073, 22.510635537453275], [88.37216353395705, 22.510617759949607], [88.37212074450515, 22.51060215338749], [88.37198131070167, 22.51057070540422], [88.37160097299355, 22.510481051849318], [88.37128219593347, 22.510400904428245], [88.37126693715008, 22.510397040540983], [88.37128402939499, 22.510664386265507], [88.37136967207924, 22.511674078452963], [88.37146329629476, 22.512718674599142], [88.3715496324784, 22.513598838268813], [88.37160753159343, 22.51422276801564], [88.3716996870635, 22.51511066787617], [88.37168102995335, 22.515398923160735], [88.37174276667123, 22.515472079582754], [88.37181738253538, 22.515775994033024], [88.37186850925146, 22.516040337785864], [88.3718914800716, 22.516216592951775], [88.37194460913243, 22.516683729420624], [88.37197921133887, 22.51711722125096], [88.37199876317102, 22.51723704650312], [88.37202237538825, 22.51740154476228], [88.37205907156762, 22.517762445942726], [88.37209154027525, 22.517964726447456], [88.37219520855399, 22.518386083052416], [88.37223700626583, 22.5185753086897], [88.3723040529254, 22.51887096373824], [88.37235960204761, 22.51941784843849], [88.37240193605369, 22.519883111980327], [88.37242401844, 22.520214832090918], [88.37244988183534, 22.52055201903485], [88.37252408088119, 22.520535443544343], [88.37253686300937, 22.52052897516089], [88.37261169177422, 22.52051839920807], [88.37268625912931, 22.520487323577157], [88.37291419315794, 22.520398448180096], [88.37300169265988, 22.520346319338763], [88.37306378421229, 22.520218625999387], [88.37316091994231, 22.520097237472502], [88.3732830764479, 22.519946548890967], [88.37334192418383, 22.51987717630808], [88.3734009309216, 22.51982395523213], [88.37346320393374, 22.51977774774396], [88.37352522451924, 22.519744724366955], [88.37357851527685, 22.519713807057045], [88.3738051638163, 22.519626577520025], [88.37397197916793, 22.51957235226821], [88.37413028747382, 22.519528417567138], [88.37418693613394, 22.51950874507309], [88.37425896125679, 22.519476468468174], [88.37446992161811, 22.51938447894107], [88.37451619743166, 22.519361056474963], [88.37457781377532, 22.519321192799435], [88.37460656884757, 22.519302717705063], [88.37463728763701, 22.519273671539043], [88.37470484723458, 22.51920785190687], [88.37484345458796, 22.519080591511646], [88.3748588373389, 22.51906472202203], [88.37491951045153, 22.51900999865717], [88.37494567118924, 22.518988791750022], [88.37499242670312, 22.5189551698833], [88.37503872048298, 22.518922425959573], [88.3751259073712, 22.518860864806133], [88.37523155014692, 22.518794508912084], [88.37527934141833, 22.518764563111706], [88.37534237171025, 22.51872499302136], [88.37542037691797, 22.5186753123565], [88.37547769482298, 22.51864245634031], [88.37555170252764, 22.518605141675113], [88.37564948953623, 22.51855562942136], [88.37582047037583, 22.518461011227785], [88.37600590870163, 22.51836347779462], [88.37619341315255, 22.51825750164805], [88.37628425798061, 22.51820671216781], [88.37632624613529, 22.518183760013468], [88.37650106996767, 22.51811160994656], [88.37666855097092, 22.518041803272926], [88.37689372178176, 22.517971501157167], [88.37699282751716, 22.517938745382796], [88.37733749312538, 22.517828275391455], [88.3774880049529, 22.51777990719276], [88.37754833490906, 22.51776173560954], [88.37769681564573, 22.517714315881868], [88.37788833646432, 22.517656629492322], [88.37795358200174, 22.51763506140179], [88.37798782757699, 22.51762337491586], [88.3780326562046, 22.517605294593324], [88.37804970263547, 22.51760356439893], [88.37806092798323, 22.51761693461033], [88.3780690541433, 22.517662015913057], [88.37811460591472, 22.51778123574802], [88.37819521084684, 22.517985611538794], [88.3782056528637, 22.51800611656616], [88.37821776305208, 22.518022647549408], [88.37823586051175, 22.518040711220838], [88.37825734731503, 22.518056370052037], [88.37828047713701, 22.518065677388307], [88.37830700348903, 22.518073371540986], [88.3783317529734, 22.5180739515898], [88.37837778624183, 22.518069596659625], [88.37846642121427, 22.518059332533426], [88.37858146665607, 22.518044881930372], [88.37860331278549, 22.51804624699546], [88.37862029363929, 22.51805134130199], [88.37863734186676, 22.518063170481927], [88.3786544484847, 22.51808098768953], [88.37866421137522, 22.518089884260014], [88.37868280560328, 22.518094965287716], [88.37880039866725, 22.51808347965874], [88.37893086997913, 22.518064566250384], [88.37903686130115, 22.518042274614555], [88.37920925878399, 22.51800634725809], [88.37941714331376, 22.517970088791227], [88.37955892441504, 22.51794392599536], [88.37959746303905, 22.517938829195376], [88.37962494160527, 22.51793986813931], [88.37967584374253, 22.51794835810345], [88.37968892231477, 22.51795224086569], [88.37969998506749, 22.517954802542697], [88.37970898618664, 22.517955484660774], [88.37971592297727, 22.517954286390093], [88.3797228391066, 22.517950811902963], [88.37974964663132, 22.51793350419264], [88.37975492692857, 22.51793004298224], [88.3797630755465, 22.51792731699892], [88.37978558193765, 22.518008383653605], [88.37984025430414, 22.518167725285473], [88.37989831331927, 22.518327733913004], [88.37992462227899, 22.51838501091883], [88.37996483715932, 22.518465318845628], [88.38000990563714, 22.518548572600228], [88.38004940905178, 22.518617575748845], [88.38009260274558, 22.51867396057481], [88.3801210802384, 22.518706574275225], [88.38014302608077, 22.518727711520555], [88.38017839455014, 22.518756717969815], [88.38021122797377, 22.518777929891492], [88.38025249388298, 22.518800372436285], [88.38029280937462, 22.51881642783646], [88.38030730459005, 22.518827434597192], [88.38034114412679, 22.518854597161212], [88.38041041860825, 22.51890891065572], [88.38042170324485, 22.518918460242453], [88.38042892569972, 22.518921365447675], [88.38043773188446, 22.518922774484643], [88.38045396444164, 22.518922094030973], [88.38047034342422, 22.518917684359305], [88.38069014410625, 22.518824932683543], [88.38083864460587, 22.518762674435745], [88.38104027596297, 22.51867917518255], [88.38110097333009, 22.518653298809923], [88.38119282876283, 22.518612000995432], [88.38136910517103, 22.5185333187788], [88.3813886983257, 22.518522175073727], [88.38141025340094, 22.518510099475343], [88.38143891774332, 22.518488635246065], [88.38149555831862, 22.518438293126135], [88.38154577863457, 22.518393663501268], [88.38160142207992, 22.518360365951278], [88.3816240892695, 22.51834376198383], [88.3816296633158, 22.518337232920555], [88.38164033799636, 22.51832228777078], [88.38167352715281, 22.518273120623086], [88.38168761183817, 22.518253462887177], [88.38171067338816, 22.518229540674366], [88.3817508837769, 22.518191516396495], [88.38180378556397, 22.518145009625087], [88.38184178160553, 22.518111190884216], [88.38187014591065, 22.518091408651337], [88.38188872486735, 22.518081328748245], [88.38190736580782, 22.5180721633134], [88.38192934398955, 22.518062348123664], [88.38195933155035, 22.518050601096512], [88.38201265734224, 22.518031201405137], [88.38207463570696, 22.518008643389468], [88.38209553860531, 22.518000760862435], [88.38211971406623, 22.517991109973398], [88.38219863555554, 22.517963859277963], [88.38223999938111, 22.51794977378895], [88.38234222406719, 22.517915237199468], [88.38240886289158, 22.517891893317998], [88.38246601370994, 22.517871273757404], [88.38249091321299, 22.51786202781533], [88.38254517954103, 22.517838591813963], [88.38257681371374, 22.517819436062318], [88.38261301402304, 22.51778869175579], [88.3826473054124, 22.517752202539466], [88.38268665162185, 22.5177011929689], [88.38274138327716, 22.517629139740098], [88.38278343161896, 22.51758856274141], [88.38284344985975, 22.517525311460073], [88.38287345808179, 22.517493684978717], [88.38290006438388, 22.517468522867997], [88.3829275600181, 22.517459386436567], [88.38297739226186, 22.51745340004058], [88.38308507151834, 22.517444447000656], [88.3831329526213, 22.517442799787304], [88.38320820359432, 22.517450799352236], [88.38327390367927, 22.517458723402147], [88.38336174094776, 22.517468195914876], [88.38341153815719, 22.517473248751227], [88.38356450867366, 22.517504680227166], [88.38362306086391, 22.51751974496089], [88.38371344216128, 22.51753722034868], [88.38382005781241, 22.51755923075371], [88.38392048496964, 22.51757973667419], [88.38404125447641, 22.517625395550276], [88.38416742016312, 22.51765804518081], [88.38430210906526, 22.51769283991136], [88.3843170651164, 22.517693527009676], [88.38433552190224, 22.51769255279055], [88.38436534327475, 22.517684949068002], [88.38444940492407, 22.517663681380046], [88.38452401000842, 22.51764539360546], [88.38466309257059, 22.517614258410582], [88.38472640403519, 22.517602200989167], [88.38485307098182, 22.51758251577346], [88.38494042495671, 22.517569330610762], [88.38500224791284, 22.517560588355106], [88.38516642131925, 22.517542070704035], [88.38520032822963, 22.51754246238372], [88.3853428540343, 22.517515965915265]]]]}, "properties": {"area_id": "kmc-ward-91", "ward": 91, "source": "DataMeet Municipal_Spatial_Data/Kolkata (KMC 141-ward scheme), property WARD=91", "licence": "CC BY-SA 2.5 India", "area_km2_geodesic": 1.0795, "share_of_obos_box": 0.092, "holds_box_centre": false}}, {"type": "Feature", "geometry": {"type": "MultiPolygon", "coordinates": [[[[88.37716578105713, 22.510856196730526], [88.37715833582006, 22.51076074007631], [88.37715699822857, 22.510689421814728], [88.37715304923461, 22.510545041620524], [88.37714300067984, 22.5103971069308], [88.37713682566056, 22.510301869876013], [88.37713497872436, 22.510247757148278], [88.3771349580631, 22.51019995393071], [88.37713769343311, 22.51018959129502], [88.37714293959439, 22.510179110816424], [88.37717515318049, 22.51014338722498], [88.37720512187668, 22.51010768437115], [88.37722714227924, 22.510063187326026], [88.37724244238517, 22.51001827200963], [88.3772488806108, 22.50998798322918], [88.3772519654255, 22.50995928697285], [88.37723393623772, 22.509783325903506], [88.37722351847538, 22.50969531831387], [88.37720708828883, 22.509568361194447], [88.37719861897233, 22.50950692201637], [88.37718524215946, 22.509347002763405], [88.377172903799, 22.509208109162856], [88.37717147098616, 22.509172391129685], [88.37716906080624, 22.509110634761292], [88.37716827927191, 22.509104296134428], [88.37716270073402, 22.509086825489685], [88.37715922605048, 22.5090628120633], [88.37715585197829, 22.508976352573413], [88.37715589240248, 22.5089295480936], [88.3771505339518, 22.508832876821536], [88.37714459518945, 22.508751875325718], [88.37713500387717, 22.50867375762608], [88.37710913509193, 22.50850642488527], [88.37709704556485, 22.50839712081282], [88.3770838708729, 22.508252157304913], [88.37707625315926, 22.508156267311993], [88.37707750361416, 22.508127221293375], [88.37708392836507, 22.508102889853834], [88.3771525677376, 22.50797584081451], [88.37720601120881, 22.507884469369063], [88.37721864062337, 22.507865322196594], [88.37723401618778, 22.507847706164913], [88.37731283167585, 22.50778134581394], [88.37733675830346, 22.507764005294543], [88.3774499136899, 22.50769639841026], [88.37751860426643, 22.50765126904345], [88.37755673685191, 22.50761299039924], [88.37757306373223, 22.507586448043373], [88.37758234153245, 22.507566017820206], [88.37758636418832, 22.50755333295552], [88.3776050419597, 22.507456550345847], [88.37761908442424, 22.507378875076085], [88.37762343137187, 22.50733923450526], [88.37762527022328, 22.50722590951459], [88.37762688629245, 22.507144463914933], [88.37763468905901, 22.50703493801434], [88.37763631321306, 22.507019523582954], [88.37770912346346, 22.50684039023688], [88.37779311684085, 22.50664658079246], [88.37784921932527, 22.506516395067994], [88.37786057403049, 22.506492078283117], [88.3778697682874, 22.50648392621303], [88.37797818506073, 22.506425949652584], [88.37798946969734, 22.50642049640229], [88.37808198718844, 22.50633749593102], [88.3781294748293, 22.506299317340705], [88.37819016860317, 22.50626547080489], [88.37831277516472, 22.506199987726582], [88.37848184977929, 22.506114109865166], [88.37860677219764, 22.50604082981561], [88.37859561961338, 22.50589124129591], [88.37858496289917, 22.505758382580545], [88.37857227868736, 22.50563035957267], [88.37855446779021, 22.505514322721552], [88.3785359112914, 22.505421994431728], [88.37849796914874, 22.50527239279402], [88.37844866152112, 22.505113853754068], [88.37840441140852, 22.504947992277113], [88.37835358023817, 22.504740333188497], [88.37834718333504, 22.504618342664962], [88.37834647636092, 22.504547056921204], [88.3783512257538, 22.50450270000094], [88.37836907348186, 22.504418731535072], [88.3784395858418, 22.504187312990897], [88.37851149418366, 22.50391710233687], [88.37851963471675, 22.503889699483025], [88.37853436169755, 22.503860009386447], [88.37854266123243, 22.50384878150732], [88.37856117640877, 22.503837467316398], [88.37859106156165, 22.503821591927363], [88.37861790951052, 22.50380239605745], [88.37863692504845, 22.50378103660321], [88.37864930473138, 22.50375694424365], [88.37865508000034, 22.503733466845215], [88.3786575629438, 22.50367724605758], [88.37866087143897, 22.50354990414212], [88.37866283156293, 22.503470952759585], [88.37865586602622, 22.50333719126118], [88.37864844684029, 22.503142040741906], [88.37865198710085, 22.50311527428036], [88.37863860399972, 22.5030416092202], [88.37863711099972, 22.50303518068407], [88.3787811127364, 22.50301929358408], [88.37890940922695, 22.503011356257794], [88.37905260966639, 22.503020876235798], [88.37911160831933, 22.50302818780416], [88.37916483349989, 22.503038438937782], [88.37927754422027, 22.503054889549023], [88.37946609790347, 22.503079952203453], [88.37956268206787, 22.503092682293964], [88.37977513722583, 22.503120219752176], [88.37982576537692, 22.503123972634036], [88.37996697065815, 22.503124925377993], [88.38008580699044, 22.50311566683082], [88.38017443747133, 22.503103370788764], [88.38026655251718, 22.503084453671132], [88.38037276841806, 22.503055526095213], [88.38038514271109, 22.50305047605158], [88.38035308094028, 22.502917859432788], [88.38029736203647, 22.50275366428838], [88.38027392229579, 22.50267328167086], [88.38025449982099, 22.50259978318907], [88.3802428738246, 22.5025495191051], [88.38022479882277, 22.502472045239475], [88.38021947899966, 22.502445062039044], [88.38020889864225, 22.502388475562555], [88.38020324644248, 22.502362710669754], [88.38019402074453, 22.502327756055674], [88.38018566012417, 22.502296079622052], [88.38016193382086, 22.502219940128754], [88.38012927107714, 22.502131211502412], [88.38011452074018, 22.50213291699279], [88.3801090607799, 22.502118851468815], [88.38007036854394, 22.50197241324522], [88.3801310434532, 22.501959898001726], [88.38023447367837, 22.501925994799013], [88.38024728185768, 22.50191885164685], [88.38033179086807, 22.501885069602924], [88.38036876822008, 22.501870685362984], [88.38048132263361, 22.50182415318303], [88.3805057774706, 22.501816941971818], [88.38053777007113, 22.50181089763373], [88.38048408046153, 22.501607881417367], [88.38044788913538, 22.501608191809478], [88.38038072479651, 22.501613568066496], [88.38032646116348, 22.501616432969012], [88.38030547112854, 22.50158541035385], [88.3802727904185, 22.501411219651427], [88.38018430546471, 22.501136486274053], [88.38003125320154, 22.50068992853028], [88.38001553627736, 22.50057922731427], [88.379979700684, 22.5004053631681], [88.37944338310321, 22.50049814711995], [88.37855205222041, 22.500675484410994], [88.37761630683337, 22.500905161829387], [88.3775997401029, 22.500708513173148], [88.37728561272277, 22.500742590129793], [88.37727293479914, 22.500633246723535], [88.37724369373835, 22.50041280019458], [88.37720352467211, 22.500420390758183], [88.37690744624267, 22.500454335826575], [88.37677088075989, 22.50046806871697], [88.37644212341708, 22.500482187524444], [88.37627162676941, 22.500488961431017], [88.37600947321667, 22.50048823358049], [88.3758369131388, 22.50049564321474], [88.37562935200249, 22.500519675557374], [88.37555186691935, 22.500119655230765], [88.37592317386395, 22.500005184823223], [88.37613016277338, 22.499925151671118], [88.37602969878529, 22.499464484385737], [88.37552096936516, 22.49958309662943], [88.37508584520448, 22.499695474285335], [88.3748871773895, 22.499742578177816], [88.37487450575411, 22.499662249416147], [88.37483246909036, 22.499406679169823], [88.37478531472449, 22.49920317722963], [88.37466248807569, 22.49876844822491], [88.37458828992817, 22.49846829587662], [88.37454570978367, 22.498237563700826], [88.37453296628308, 22.49814743572046], [88.37454679674521, 22.498107702039505], [88.3745818741604, 22.498058982513957], [88.3746335668151, 22.49801232206985], [88.3746901085757, 22.497976625213514], [88.37475154345968, 22.49795629316443], [88.37475517445007, 22.497844016179265], [88.37467804959134, 22.49779104224562], [88.37441458270166, 22.497570641814125], [88.37422688062138, 22.497411072276837], [88.37403221929256, 22.497271500237716], [88.37391811798012, 22.49720551327008], [88.37391565479962, 22.497205008659343], [88.37389704350355, 22.497198279409403], [88.37384121051369, 22.497178093317487], [88.37381764411053, 22.4971702594], [88.37379157050941, 22.49715900275946], [88.37377166653766, 22.49714654517712], [88.37375671857133, 22.49713519392009], [88.373744209531, 22.497120377610972], [88.3737316555749, 22.497100970833078], [88.37372278740642, 22.49707923603535], [88.37371260320606, 22.497049477250737], [88.37370113710978, 22.49701513877904], [88.37368588281792, 22.496972796229777], [88.3736667738552, 22.496915564300565], [88.373637434878, 22.496828247343597], [88.37361200896223, 22.496757294546487], [88.37357743101028, 22.496635911979034], [88.37355714884781, 22.496589697571018], [88.37351664920155, 22.49649476805091], [88.37350533132728, 22.496475349565877], [88.37346887050651, 22.496413674673178], [88.37342383436807, 22.496364531273034], [88.37339757930727, 22.49633490927759], [88.37337516993416, 22.4963190297076], [88.37333901723558, 22.4962960058633], [88.37326331530825, 22.49626680630157], [88.37324099576671, 22.496260108544362], [88.373186433893, 22.49624335419044], [88.37309594389949, 22.496218872097746], [88.3730401684018, 22.496204425021762], [88.37295909724405, 22.496175207181576], [88.3728362732902, 22.496131485814505], [88.37275067103012, 22.496101222211237], [88.37261497152332, 22.49605244969168], [88.37254055149191, 22.496027829792], [88.37247232264946, 22.496004304603975], [88.3723147850981, 22.495950548144126], [88.37218637182654, 22.495906496382116], [88.37210451284626, 22.495879643864534], [88.37203381273847, 22.495856140230273], [88.37196931549771, 22.495834879144223], [88.37186015851256, 22.49579792765602], [88.37177581569055, 22.49576994803105], [88.37172247822056, 22.49575203582276], [88.3716381578564, 22.49572635268995], [88.37156817729914, 22.49570369973953], [88.37152354001267, 22.495690305000252], [88.37148510469494, 22.49567915281437], [88.37144540005768, 22.495664567908488], [88.37141687675079, 22.495655627567047], [88.37137839651729, 22.495639884032762], [88.37133867032048, 22.495623004279558], [88.37130516855025, 22.495610661923575], [88.3712692062945, 22.495599488982243], [88.37124191996773, 22.495590538677078], [88.37120347297189, 22.495578238646225], [88.37116874769627, 22.495567054912776], [88.37114023696577, 22.49555926240217], [88.3711117136589, 22.49555032205396], [88.37105222991573, 22.495535906446687], [88.37101627843973, 22.495525880506733], [88.37099389511778, 22.495520256684472], [88.37096704267731, 22.49551155287294], [88.3708222854575, 22.495945867173038], [88.37077146416861, 22.49620372038749], [88.37073021173414, 22.496413638155094], [88.37068087176715, 22.496756462102073], [88.3706264608104, 22.497019413037002], [88.37057841082415, 22.497233622077196], [88.37053416969474, 22.497371593179285], [88.37048967793532, 22.49748416352032], [88.37043830867414, 22.497602275342572], [88.37019762755163, 22.498204465463182], [88.36999206516685, 22.49868360483762], [88.36983605924303, 22.499049027429148], [88.36972454507861, 22.49930187779529], [88.36965304906346, 22.49945066508211], [88.36957664555193, 22.499598807347407], [88.36940859322014, 22.499898709921844], [88.36919296341597, 22.500274740003082], [88.36901139503244, 22.50059169122689], [88.36889948471097, 22.50080432533728], [88.36872703243095, 22.501156905828083], [88.36861729603244, 22.501358937583095], [88.36842966132578, 22.50179347752286], [88.36828948371726, 22.502146062131562], [88.36821593325509, 22.502344340368783], [88.3680283335827, 22.502743898636087], [88.36794570384792, 22.50292029773066], [88.36785147865949, 22.50301747523597], [88.36768243189269, 22.503291442184803], [88.36754369787681, 22.503548785418317], [88.36752913977936, 22.50357647963938], [88.36748397248687, 22.503682271180953], [88.3674194411101, 22.503834233978925], [88.3673500219999, 22.504024802413053], [88.36731908581812, 22.50412128699703], [88.36729748762374, 22.504207268174913], [88.36728377304433, 22.504289504748314], [88.3672679851532, 22.504429365153435], [88.36725360132887, 22.504578678065375], [88.36725626213875, 22.504983902279708], [88.36726624331986, 22.505193407538872], [88.36725397592633, 22.50556477743526], [88.36724093598167, 22.50598406804187], [88.36724681096366, 22.506177331512035], [88.36724576083307, 22.506339129168435], [88.36723422736316, 22.50651160075871], [88.36720105437632, 22.506763144506387], [88.36717402766268, 22.506970009669118], [88.367160674206, 22.507089013824423], [88.36715621856217, 22.507307220623908], [88.36716120870358, 22.507348814767344], [88.36726778393059, 22.507702212611896], [88.36733822712021, 22.507876247670453], [88.36743329223349, 22.508133432162545], [88.3675007260669, 22.508363761103087], [88.36755157340693, 22.508568186502828], [88.3675934780183, 22.508782763552052], [88.36763512301656, 22.50903479445752], [88.36767467763514, 22.50931114036714], [88.36769913337045, 22.509584506463852], [88.36768245255392, 22.50958804423196], [88.36729351976517, 22.509611074992225], [88.36728033609003, 22.509621050948443], [88.36720804326924, 22.509698110849673], [88.36715429526915, 22.509770081075626], [88.36711933104165, 22.509836519310344], [88.36707224854098, 22.50992771436205], [88.36705871272628, 22.50995866456635], [88.3670560968322, 22.509974105226107], [88.36705562880992, 22.510020363294572], [88.36705501705723, 22.510052061195324], [88.36705610042546, 22.510068326740036], [88.3670764104357, 22.51014679551842], [88.36710118686955, 22.510243120644347], [88.36711261164332, 22.51030335700892], [88.36713895743401, 22.51044673994888], [88.36715116733532, 22.510530049985263], [88.36719456315008, 22.51054711630006], [88.36755924591778, 22.51071137355949], [88.36774040377125, 22.51080048422985], [88.36792411104346, 22.510894221366552], [88.36814316881876, 22.511017876049653], [88.36836737124568, 22.51115543174438], [88.36862102673582, 22.511320623541323], [88.36886812991428, 22.511495173541427], [88.36915069768186, 22.51171125972138], [88.36936780251972, 22.51189071289321], [88.36960872349242, 22.512108537846554], [88.36987169900361, 22.51236895258297], [88.37007415052257, 22.51258571871184], [88.37029201443686, 22.512841866249243], [88.37043474775234, 22.513019331275842], [88.37062771306188, 22.513289636172576], [88.37080044292134, 22.513539195025963], [88.37100661616054, 22.513879117681267], [88.37118053808439, 22.514212370827803], [88.3713288517344, 22.51452489357115], [88.37145210598129, 22.51483530613926], [88.37152871790198, 22.51505954198227], [88.37160899225408, 22.515350257857907], [88.3716144297565, 22.515381835039165], [88.37168102995335, 22.515398923160735], [88.3716996870635, 22.51511066787617], [88.37160753159343, 22.51422276801564], [88.3715496324784, 22.513598838268813], [88.37146329629476, 22.512718674599142], [88.37136967207924, 22.511674078452963], [88.37128402939499, 22.510664386265507], [88.37126693715008, 22.510397040540983], [88.37128219593347, 22.510400904428245], [88.37160097299355, 22.510481051849318], [88.37198131070167, 22.51057070540422], [88.37212074450515, 22.51060215338749], [88.37216353395705, 22.510617759949607], [88.3721958733073, 22.510635537453275], [88.37229454246146, 22.51070482919802], [88.37232448780146, 22.51072338925859], [88.37256807497391, 22.51081401443435], [88.3726150595582, 22.510835908898287], [88.37264431499207, 22.510854434086724], [88.3727372870307, 22.510925221146667], [88.37280229181964, 22.51097981825287], [88.37282262967766, 22.51099137833049], [88.37308449307456, 22.511013096004262], [88.37344518103416, 22.511037379629126], [88.37373374595458, 22.511058019296154], [88.37375719108516, 22.511060537117896], [88.37386277277545, 22.51108298506515], [88.37397425639718, 22.511105641305715], [88.37407499077818, 22.511124471849566], [88.3741085994479, 22.511130086738678], [88.37415390328431, 22.511139537278645], [88.37418330694021, 22.511148466660774], [88.37431184597588, 22.511196967469285], [88.3744391112005, 22.51124408072213], [88.37447657004954, 22.51125654616315], [88.37452379178906, 22.511267759333023], [88.37463483882955, 22.51128554422193], [88.37465627712383, 22.511288586515686], [88.37469385365215, 22.511293041243597], [88.3747155856955, 22.511294795583108], [88.37476720379004, 22.51129803787471], [88.37486711980584, 22.511301966466466], [88.37500537771457, 22.511303190520696], [88.37501217077477, 22.51130253243593], [88.37506339181392, 22.511289873639946], [88.37512121457216, 22.51127467544847], [88.37513355203426, 22.511272804927238], [88.37524194095982, 22.51127746712253], [88.37525050280279, 22.51127827624326], [88.3752574916957, 22.511280275393844], [88.37527646231788, 22.511290280274967], [88.37534355389316, 22.51133016784328], [88.3754319157778, 22.511383972266785], [88.37549955442711, 22.51143490201188], [88.3755191610565, 22.51144837240392], [88.37553941716784, 22.511458506732016], [88.37556068568048, 22.511467363065304], [88.37558817772147, 22.511476996982633], [88.37561866654221, 22.511485457468574], [88.37565821846586, 22.51148686492159], [88.37569715594184, 22.511486055802077], [88.37574016907426, 22.51148283426156], [88.37577565881618, 22.511478767917172], [88.37581906630903, 22.511472782092003], [88.37595565694463, 22.51143128960305], [88.37607312604108, 22.51139765427978], [88.37612103589011, 22.511376770682617], [88.37616618252133, 22.511346605849972], [88.3761893617506, 22.511325313950486], [88.37621051168567, 22.511301559001623], [88.37628514641442, 22.511192594065317], [88.3763312479548, 22.511123956501326], [88.37635691012754, 22.511083410787702], [88.37637119334056, 22.511041102420826], [88.37638406080868, 22.510990740161137], [88.37639637132133, 22.510897355784476], [88.37639816076535, 22.510823671633606], [88.37640676842241, 22.51080255060684], [88.37641670019623, 22.510787848624247], [88.37642672359813, 22.51078250176941], [88.37664093047091, 22.51075490110715], [88.3766994233723, 22.510746799910503], [88.37678818410892, 22.510742533545624], [88.37682725812883, 22.510745122741987], [88.37685564938336, 22.510750141799395], [88.37687648939966, 22.510755810645282], [88.37693739876919, 22.510774827127754], [88.37701572737036, 22.51079812988782], [88.37706821683074, 22.51081989821399], [88.37716578105713, 22.510856196730526]]]]}, "properties": {"area_id": "kmc-ward-92", "ward": 92, "source": "DataMeet Municipal_Spatial_Data/Kolkata (KMC 141-ward scheme), property WARD=92", "licence": "CC BY-SA 2.5 India", "area_km2_geodesic": 1.5754, "share_of_obos_box": 0.0005, "holds_box_centre": false}}], "measured": {"method": "WGS84 geodesic areas (pyproj.Geod(ellps='WGS84').geometry_area_perimeter) of each ward and of its intersection with the OBOS compute square (_types.ward_bounds for Ballygunge); recomputed by scripts/measure-ward-neighbours.py", "obos_box_km2_geodesic": 3.2474, "obos_box_m": 1800, "share_sum": 1.0}}
